seqNo,ticker,txDate,shortVol,totVol
1,AAPL,2011-01-03,692934,1368933
2,AAPL,2011-01-04,366458,686528
3,AAPL,2011-01-05,261734,480529
4,AAPL,2011-01-06,193157,451017
5,AAPL,2011-01-07,234808,474048
6,AAPL,2011-01-10,353555,747770
7,AAPL,2011-01-11,369642,694707
8,AAPL,2011-01-12,313527,639754
9,AAPL,2011-01-13,316351,557952
10,AAPL,2011-01-14,271070,552022
11,AAPL,2011-01-18,1126109,2854475
12,AAPL,2011-01-19,842651,1633849
13,AAPL,2011-01-20,397687,1339381
14,AAPL,2011-01-21,608026,1484904
15,AAPL,2011-01-24,412577,1086284
16,AAPL,2011-01-25,381072,978923
17,AAPL,2011-01-26,429198,829340
18,AAPL,2011-01-27,256491,533724
19,AAPL,2011-01-28,471624,1150999
20,AAPL,2011-01-31,275975,682236
21,AAPL,2011-02-01,344681,776642
22,AAPL,2011-02-02,212807,785510
23,AAPL,2011-02-03,304737,653521
24,AAPL,2011-02-04,271827,556231
25,AAPL,2011-02-07,317488,723808
26,AAPL,2011-02-08,347576,665678
27,AAPL,2011-02-09,445291,926954
28,AAPL,2011-02-10,841354,2003591
29,AAPL,2011-02-11,422992,850683
30,AAPL,2011-02-14,334614,590562
31,AAPL,2011-02-15,243005,497048
32,AAPL,2011-02-16,541840,1077225
33,AAPL,2011-02-17,595474,1219498
34,AAPL,2011-02-18,763548,1613949
35,AAPL,2011-02-22,576493,1413200
36,AAPL,2011-02-23,523256,1214263
37,AAPL,2011-02-24,444672,843368
38,AAPL,2011-02-25,272613,627546
39,AAPL,2011-02-28,179844,547535
40,AAPL,2011-03-01,284018,715408
41,AAPL,2011-03-02,370382,795874
42,AAPL,2011-03-03,323372,740281
43,AAPL,2011-03-04,221973,599098
44,AAPL,2011-03-07,314890,755358
45,AAPL,2011-03-08,291450,581073
46,AAPL,2011-03-09,403350,887391
47,AAPL,2011-03-10,402465,941610
48,AAPL,2011-03-11,330308,678217
49,AAPL,2011-03-14,405733,777370
50,AAPL,2011-03-15,380710,1139497
51,AAPL,2011-03-16,603107,2018179
52,AAPL,2011-03-17,450912,1125924
53,AAPL,2011-03-18,444191,1150702
54,AAPL,2011-03-21,267581,587584
55,AAPL,2011-03-22,198415,525839
56,AAPL,2011-03-23,329940,658413
57,AAPL,2011-03-24,393205,776366
58,AAPL,2011-03-25,369526,730707
59,AAPL,2011-03-28,245233,464047
60,AAPL,2011-03-29,242632,590833
61,AAPL,2011-03-30,286160,664206
62,AAPL,2011-03-31,264847,590314
63,AAPL,2011-04-01,317549,855170
64,AAPL,2011-04-04,249869,953169
65,AAPL,2011-04-05,274221,858126
66,AAPL,2011-04-06,246141,731223
67,AAPL,2011-04-07,205516,664742
68,AAPL,2011-04-08,261522,720969
69,AAPL,2011-04-11,253813,890181
70,AAPL,2011-04-12,301958,902908
71,AAPL,2011-04-13,289390,780235
72,AAPL,2011-04-14,346775,910494
73,AAPL,2011-04-15,522299,1193229
74,AAPL,2011-04-18,616787,1629227
75,AAPL,2011-04-19,435179,941380
76,AAPL,2011-04-20,585248,1411886
77,AAPL,2011-04-21,801333,1521296
78,AAPL,2011-04-25,295767,612588
79,AAPL,2011-04-26,334332,677472
80,AAPL,2011-04-27,434766,885638
81,AAPL,2011-04-28,459455,823442
82,AAPL,2011-04-29,680654,1399321
83,AAPL,2011-05-02,313422,1206553
84,AAPL,2011-05-03,337972,892072
85,AAPL,2011-05-04,364009,1035534
86,AAPL,2011-05-05,328522,946116
87,AAPL,2011-05-06,403864,832241
88,AAPL,2011-05-09,288260,579233
89,AAPL,2011-05-10,302772,720597
90,AAPL,2011-05-11,440395,971002
91,AAPL,2011-05-12,469529,892435
92,AAPL,2011-05-13,425622,935856
93,AAPL,2011-05-16,533974,1225661
94,AAPL,2011-05-17,382854,1247114
95,AAPL,2011-05-18,374723,871325
96,AAPL,2011-05-19,364043,728851
97,AAPL,2011-05-20,391012,796434
98,AAPL,2011-05-23,356114,934101
99,AAPL,2011-05-24,440111,919991
100,AAPL,2011-05-25,378359,824715
101,AAPL,2011-05-26,243624,575523
102,AAPL,2011-05-27,235954,491844
103,AAPL,2011-05-31,294601,801246
104,AAPL,2011-06-01,419827,1220076
105,AAPL,2011-06-02,329329,836265
106,AAPL,2011-06-03,380493,850754
107,AAPL,2011-06-06,625117,1175597
108,AAPL,2011-06-07,529758,1201478
109,AAPL,2011-06-08,285628,802038
110,AAPL,2011-06-09,260564,705857
111,AAPL,2011-06-10,381673,1011602
112,AAPL,2011-06-13,381313,840086
113,AAPL,2011-06-14,377128,715796
114,AAPL,2011-06-15,423407,953526
115,AAPL,2011-06-16,564461,1339375
116,AAPL,2011-06-17,457808,1231472
117,AAPL,2011-06-20,389116,1266623
118,AAPL,2011-06-21,548451,1254265
119,AAPL,2011-06-22,605250,1077700
120,AAPL,2011-06-23,751083,1452386
121,AAPL,2011-06-24,488032,989579
122,AAPL,2011-06-27,387606,804185
123,AAPL,2011-06-28,320777,641494
124,AAPL,2011-06-29,479998,975718
125,AAPL,2011-06-30,398920,850524
126,AAPL,2011-07-01,540541,1140899
127,AAPL,2011-07-05,474960,808811
128,AAPL,2011-07-06,531726,1082947
129,AAPL,2011-07-07,442840,1007001
130,AAPL,2011-07-08,535422,1237530
131,AAPL,2011-07-11,380663,1178836
132,AAPL,2011-07-12,397783,1014195
133,AAPL,2011-07-13,446182,1116481
134,AAPL,2011-07-14,591772,1297981
135,AAPL,2011-07-15,646864,1512226
136,AAPL,2011-07-18,483997,1531157
137,AAPL,2011-07-19,677134,1962601
138,AAPL,2011-07-20,1291761,2824049
139,AAPL,2011-07-21,635229,1302152
140,AAPL,2011-07-22,800199,1738315
141,AAPL,2011-07-25,806661,1550046
142,AAPL,2011-07-26,516275,1286394
143,AAPL,2011-07-27,634353,1867389
144,AAPL,2011-07-28,604377,1614589
145,AAPL,2011-07-29,606699,1721608
146,AAPL,2011-08-01,678966,1710221
147,AAPL,2011-08-02,668246,1895346
148,AAPL,2011-08-03,877718,2266127
149,AAPL,2011-08-04,981591,2934781
150,AAPL,2011-08-05,1207718,3364417
151,AAPL,2011-08-08,1200697,3045701
152,AAPL,2011-08-09,1007681,2653388
153,AAPL,2011-08-10,889691,2340375
154,AAPL,2011-08-11,800432,1904294
155,AAPL,2011-08-12,696602,1393134
156,AAPL,2011-08-15,711632,1426184
157,AAPL,2011-08-16,592240,1372197
158,AAPL,2011-08-17,477096,1034960
159,AAPL,2011-08-18,790401,2519163
160,AAPL,2011-08-19,857557,1921011
161,AAPL,2011-08-22,510736,1264880
162,AAPL,2011-08-23,564304,1535489
163,AAPL,2011-08-24,599857,1312349
164,AAPL,2011-08-25,991514,1885102
165,AAPL,2011-08-26,808226,1537019
166,AAPL,2011-08-29,513763,1003323
167,AAPL,2011-08-30,466713,893963
168,AAPL,2011-08-31,726828,1411201
169,AAPL,2011-09-01,397548,847211
170,AAPL,2011-09-02,549289,1217719
171,AAPL,2011-09-06,807923,1452749
172,AAPL,2011-09-07,719312,1122440
173,AAPL,2011-09-08,883047,1422372
174,AAPL,2011-09-09,1405374,2437235
175,AAPL,2011-09-12,624843,1294932
176,AAPL,2011-09-13,631981,1274430
177,AAPL,2011-09-14,752768,1331536
178,AAPL,2011-09-15,596264,1015570
179,AAPL,2011-09-16,817306,1522357
180,AAPL,2011-09-19,971743,2266637
181,AAPL,2011-09-20,836107,1753885
182,AAPL,2011-09-21,929621,2048801
183,AAPL,2011-09-22,1371207,3710962
184,AAPL,2011-09-23,693502,1885449
185,AAPL,2011-09-26,1066328,2629641
186,AAPL,2011-09-27,1132417,2276323
187,AAPL,2011-09-28,804379,1657117
188,AAPL,2011-09-29,1271567,2496678
189,AAPL,2011-09-30,802646,2004814
190,AAPL,2011-10-03,817700,2150166
191,AAPL,2011-10-04,1377747,4234409
192,AAPL,2011-10-05,1195027,2683350
193,AAPL,2011-10-06,1212340,2715298
194,AAPL,2011-10-07,914902,1971258
195,AAPL,2011-10-10,622076,1445526
196,AAPL,2011-10-11,997033,2216259
197,AAPL,2011-10-12,1157787,2192521
198,AAPL,2011-10-13,670192,1288572
199,AAPL,2011-10-14,1012775,1998051
200,AAPL,2011-10-17,983947,2283892
201,AAPL,2011-10-18,1178684,2641227
202,AAPL,2011-10-19,2105018,4387748
203,AAPL,2011-10-20,1166591,2181945
204,AAPL,2011-10-21,1129836,2056762
205,AAPL,2011-10-24,784716,2000974
206,AAPL,2011-10-25,819680,1718282
207,AAPL,2011-10-26,754056,1584656
208,AAPL,2011-10-27,747131,1794520
209,AAPL,2011-10-28,525530,1055038
210,AAPL,2011-10-31,531262,1242695
211,AAPL,2011-11-01,938824,2254906
212,AAPL,2011-11-02,538670,1091263
213,AAPL,2011-11-03,721546,1875914
214,AAPL,2011-11-04,642597,1300122
215,AAPL,2011-11-07,630945,1369354
216,AAPL,2011-11-08,609195,1566871
217,AAPL,2011-11-09,911704,2477185
218,AAPL,2011-11-10,1115687,2633769
219,AAPL,2011-11-11,832609,2007457
220,AAPL,2011-11-14,585589,1329290
221,AAPL,2011-11-15,687202,1620576
222,AAPL,2011-11-16,600319,1243472
223,AAPL,2011-11-17,769481,1575157
224,AAPL,2011-11-18,578662,1206738
225,AAPL,2011-11-21,658378,1517792
226,AAPL,2011-11-22,631032,1354957
227,AAPL,2011-11-23,653991,1419822
228,AAPL,2011-11-25,335943,801097
229,AAPL,2011-11-28,475201,1006744
230,AAPL,2011-11-29,635017,1405839
231,AAPL,2011-11-30,551386,1287604
232,AAPL,2011-12-01,786408,1478370
233,AAPL,2011-12-02,672939,1259408
234,AAPL,2011-12-05,626232,1181836
235,AAPL,2011-12-06,409333,839948
236,AAPL,2011-12-07,540530,1091492
237,AAPL,2011-12-08,629973,1230719
238,AAPL,2011-12-09,535972,1136224
239,AAPL,2011-12-12,480868,988607
240,AAPL,2011-12-13,550309,1130902
241,AAPL,2011-12-14,713744,1479767
242,AAPL,2011-12-15,517444,966016
243,AAPL,2011-12-16,601516,1045238
244,AAPL,2011-12-19,451227,761505
245,AAPL,2011-12-20,697749,1315038
246,AAPL,2011-12-21,473260,1007877
247,AAPL,2011-12-22,408584,765579
248,AAPL,2011-12-23,534698,976712
249,AAPL,2011-12-27,439887,789303
250,AAPL,2011-12-28,396894,695439
251,AAPL,2011-12-29,354025,689691
252,AAPL,2011-12-30,304081,480694
253,AAPL,2012-01-03,465641,1126423
254,AAPL,2012-01-04,470932,917053
255,AAPL,2012-01-05,619825,1148360
256,AAPL,2012-01-06,656747,1148160
257,AAPL,2012-01-09,676967,1321967
258,AAPL,2012-01-10,422414,885893
259,AAPL,2012-01-11,382289,746721
260,AAPL,2012-01-12,270914,494649
261,AAPL,2012-01-13,387636,772594
262,AAPL,2012-01-17,423181,738319
263,AAPL,2012-01-18,497489,819771
264,AAPL,2012-01-19,493017,841126
265,AAPL,2012-01-20,817782,1238377
266,AAPL,2012-01-23,266473,827001
267,AAPL,2012-01-24,302048,1051344
268,AAPL,2012-01-25,1123100,3165406
269,AAPL,2012-01-26,380566,880018
270,AAPL,2012-01-27,406431,802426
271,AAPL,2012-01-30,348942,1062431
272,AAPL,2012-01-31,348938,865780
273,AAPL,2012-02-01,338649,799143
274,AAPL,2012-02-02,255519,603734
275,AAPL,2012-02-03,323088,825948
276,AAPL,2012-02-06,274404,762790
277,AAPL,2012-02-07,304639,889248
278,AAPL,2012-02-08,537274,1217510
279,AAPL,2012-02-09,1067552,2465145
280,AAPL,2012-02-10,790743,1829818
281,AAPL,2012-02-13,597512,1323293
282,AAPL,2012-02-14,502338,1151535
283,AAPL,2012-02-15,1724748,4150159
284,AAPL,2012-02-16,695771,2259728
285,AAPL,2012-02-17,643224,1399937
286,AAPL,2012-02-21,471596,1215579
287,AAPL,2012-02-22,352590,1070780
288,AAPL,2012-02-23,551181,1439460
289,AAPL,2012-02-24,473195,1046617
290,AAPL,2012-02-27,607412,1433755
291,AAPL,2012-02-28,493443,1372718
292,AAPL,2012-02-29,988556,2353702
293,AAPL,2012-03-01,672195,1679457
294,AAPL,2012-03-02,485597,1232216
295,AAPL,2012-03-05,640403,1600183
296,AAPL,2012-03-06,601170,1632495
297,AAPL,2012-03-07,618362,1482107
298,AAPL,2012-03-08,427003,1128883
299,AAPL,2012-03-09,455434,1100988
300,AAPL,2012-03-12,429924,967006
301,AAPL,2012-03-13,666776,1750904
302,AAPL,2012-03-14,1933998,3610349
303,AAPL,2012-03-15,1667712,3102504
304,AAPL,2012-03-16,1068340,1897214
305,AAPL,2012-03-19,956435,2191698
306,AAPL,2012-03-20,804913,1855958
307,AAPL,2012-03-21,660155,1529519
308,AAPL,2012-03-22,990185,1761994
309,AAPL,2012-03-23,312199,608940
310,AAPL,2012-03-26,586989,1409448
311,AAPL,2012-03-27,492029,1266730
312,AAPL,2012-03-28,610821,1310228
313,AAPL,2012-03-29,522561,1274840
314,AAPL,2012-03-30,706443,1865787
315,AAPL,2012-04-02,584132,1207615
316,AAPL,2012-04-03,1006308,1979666
317,AAPL,2012-04-04,669491,1387646
318,AAPL,2012-04-05,838748,1855546
319,AAPL,2012-04-09,605907,1381034
320,AAPL,2012-04-10,1124974,2191799
321,AAPL,2012-04-11,715063,1560913
322,AAPL,2012-04-12,767829,1697486
323,AAPL,2012-04-13,857885,2131405
324,AAPL,2012-04-16,858594,2285864
325,AAPL,2012-04-17,988830,2256783
326,AAPL,2012-04-18,1080040,2138471
327,AAPL,2012-04-19,908658,1972084
328,AAPL,2012-04-20,928263,2610120
329,AAPL,2012-04-23,769903,2040524
330,AAPL,2012-04-24,719139,1963704
331,AAPL,2012-04-25,739384,1934921
332,AAPL,2012-04-26,523217,1185236
333,AAPL,2012-04-27,474788,1163517
334,AAPL,2012-04-30,386255,1053507
335,AAPL,2012-05-01,493707,1346132
336,AAPL,2012-05-02,479144,995422
337,AAPL,2012-05-03,528502,997338
338,AAPL,2012-05-04,619977,1616421
339,AAPL,2012-05-07,503255,1154078
340,AAPL,2012-05-08,512782,1227181
341,AAPL,2012-05-09,499993,1128347
342,AAPL,2012-05-10,350564,881369
343,AAPL,2012-05-11,511749,1185265
344,AAPL,2012-05-14,494473,976349
345,AAPL,2012-05-15,534522,1255674
346,AAPL,2012-05-16,680414,1585043
347,AAPL,2012-05-17,750253,1839609
348,AAPL,2012-05-18,628663,1971949
349,AAPL,2012-05-21,442265,1331721
350,AAPL,2012-05-22,764645,1569250
351,AAPL,2012-05-23,697856,1582600
352,AAPL,2012-05-24,674321,1462324
353,AAPL,2012-05-25,412451,962796
354,AAPL,2012-05-29,278814,848816
355,AAPL,2012-05-30,642334,1508027
356,AAPL,2012-05-31,627601,1371940
357,AAPL,2012-06-01,702939,1586301
358,AAPL,2012-06-04,518957,1418930
359,AAPL,2012-06-05,377872,878409
360,AAPL,2012-06-06,358170,890961
361,AAPL,2012-06-07,401957,907074
362,AAPL,2012-06-08,445071,947486
363,AAPL,2012-06-11,701344,1456990
364,AAPL,2012-06-12,594931,1149812
365,AAPL,2012-06-13,361697,803194
366,AAPL,2012-06-14,470826,973651
367,AAPL,2012-06-15,337167,716293
368,AAPL,2012-06-18,625981,1251211
369,AAPL,2012-06-19,458663,1008753
370,AAPL,2012-06-20,430925,1065648
371,AAPL,2012-06-21,423855,1061467
372,AAPL,2012-06-22,444301,914241
373,AAPL,2012-06-25,369234,890033
374,AAPL,2012-06-26,437728,873578
375,AAPL,2012-06-27,273120,692016
376,AAPL,2012-06-28,439466,905122
377,AAPL,2012-06-29,482019,1194652
378,AAPL,2012-07-02,448874,1085342
379,AAPL,2012-07-03,353029,792880
380,AAPL,2012-07-05,681321,1341642
381,AAPL,2012-07-06,621402,1452081
382,AAPL,2012-07-09,387840,1052899
383,AAPL,2012-07-10,657521,1452914
384,AAPL,2012-07-11,566550,1200808
385,AAPL,2012-07-12,618205,1267139
386,AAPL,2012-07-13,407236,862149
387,AAPL,2012-07-16,344271,822751
388,AAPL,2012-07-17,442758,900946
389,AAPL,2012-07-18,308180,713186
390,AAPL,2012-07-19,640952,1411241
391,AAPL,2012-07-20,674623,1137409
392,AAPL,2012-07-23,588325,1334745
393,AAPL,2012-07-24,485664,1196642
394,AAPL,2012-07-25,1402916,2387573
395,AAPL,2012-07-26,622276,1114710
396,AAPL,2012-07-27,562271,1237294
397,AAPL,2012-07-30,564086,1264235
398,AAPL,2012-07-31,566243,1312587
399,AAPL,2012-08-01,538396,1164367
400,AAPL,2012-08-02,456016,1018711
401,AAPL,2012-08-03,412506,974993
402,AAPL,2012-08-06,348817,747438
403,AAPL,2012-08-07,380758,841490
404,AAPL,2012-08-08,342671,666840
405,AAPL,2012-08-09,160346,429240
406,AAPL,2012-08-10,261715,498757
407,AAPL,2012-08-13,370627,741148
408,AAPL,2012-08-14,428848,949813
409,AAPL,2012-08-15,291304,602337
410,AAPL,2012-08-16,336667,694020
411,AAPL,2012-08-17,534311,1172753
412,AAPL,2012-08-20,694207,1621142
413,AAPL,2012-08-21,944817,2245829
414,AAPL,2012-08-22,734515,1636627
415,AAPL,2012-08-23,541061,1246593
416,AAPL,2012-08-24,441469,1145227
417,AAPL,2012-08-27,448932,1084495
418,AAPL,2012-08-28,333893,734673
419,AAPL,2012-08-29,270291,584748
420,AAPL,2012-08-30,342887,799702
421,AAPL,2012-08-31,552699,1154930
422,AAPL,2012-09-04,482885,1056039
423,AAPL,2012-09-05,444838,927473
424,AAPL,2012-09-06,521026,1074982
425,AAPL,2012-09-07,444075,1109039
426,AAPL,2012-09-10,629646,1336019
427,AAPL,2012-09-11,587950,1377375
428,AAPL,2012-09-12,891273,1958059
429,AAPL,2012-09-13,695186,1606285
430,AAPL,2012-09-14,822607,1757051
431,AAPL,2012-09-17,505479,1031500
432,AAPL,2012-09-18,433889,1029718
433,AAPL,2012-09-19,417145,983197
434,AAPL,2012-09-20,385614,922300
435,AAPL,2012-09-21,588858,1345605
436,AAPL,2012-09-24,787530,1771951
437,AAPL,2012-09-25,494781,1469453
438,AAPL,2012-09-26,472229,1602325
439,AAPL,2012-09-27,512137,1611891
440,AAPL,2012-09-28,583964,1505577
441,AAPL,2012-10-01,658226,1600519
442,AAPL,2012-10-02,729962,1902548
443,AAPL,2012-10-03,410117,1153525
444,AAPL,2012-10-04,397128,1021047
445,AAPL,2012-10-05,624949,1836294
446,AAPL,2012-10-08,556428,1722012
447,AAPL,2012-10-09,933573,2241310
448,AAPL,2012-10-10,639956,1472210
449,AAPL,2012-10-11,790269,1623434
450,AAPL,2012-10-12,581007,1385780
451,AAPL,2012-10-15,479199,1217747
452,AAPL,2012-10-16,651274,1697682
453,AAPL,2012-10-17,456992,1267012
454,AAPL,2012-10-18,701858,1633488
455,AAPL,2012-10-19,1040282,2328644
456,AAPL,2012-10-22,727291,1628541
457,AAPL,2012-10-23,806048,1597728
458,AAPL,2012-10-24,613710,1393823
459,AAPL,2012-10-25,547285,1338220
460,AAPL,2012-10-26,904272,2773914
461,AAPL,2012-10-31,412782,1100555
462,AAPL,2012-11-01,251224,694322
463,AAPL,2012-11-02,536727,1348806
464,AAPL,2012-11-05,472942,1137072
465,AAPL,2012-11-06,333404,842540
466,AAPL,2012-11-07,774912,1677356
467,AAPL,2012-11-08,1029883,2534602
468,AAPL,2012-11-09,1159270,2280736
469,AAPL,2012-11-12,652718,1117116
470,AAPL,2012-11-13,623516,1167167
471,AAPL,2012-11-14,655918,1074517
472,AAPL,2012-11-15,995154,1905420
473,AAPL,2012-11-16,1659745,3213513
474,AAPL,2012-11-19,1360535,2033965
475,AAPL,2012-11-20,1023669,1627765
476,AAPL,2012-11-21,485239,799498
477,AAPL,2012-11-23,322425,599941
478,AAPL,2012-11-26,765916,1347975
479,AAPL,2012-11-27,760608,1128403
480,AAPL,2012-11-28,650811,1108535
481,AAPL,2012-11-29,672750,1142296
482,AAPL,2012-11-30,496396,819136
483,AAPL,2012-12-03,561713,854118
484,AAPL,2012-12-04,638423,1127156
485,AAPL,2012-12-05,1189652,2489434
486,AAPL,2012-12-06,1451594,3022306
487,AAPL,2012-12-07,1123860,2056135
488,AAPL,2012-12-10,759504,1398652
489,AAPL,2012-12-11,636870,1207238
490,AAPL,2012-12-12,616773,1131489
491,AAPL,2012-12-13,660726,1262409
492,AAPL,2012-12-14,1136834,2618921
493,AAPL,2012-12-17,819762,1720900
494,AAPL,2012-12-18,822736,1580306
495,AAPL,2012-12-19,559407,1144685
496,AAPL,2012-12-20,649604,1221207
497,AAPL,2012-12-21,865865,1413994
498,AAPL,2012-12-24,223625,375972
499,AAPL,2012-12-26,308958,676537
500,AAPL,2012-12-27,676196,1191590
501,AAPL,2012-12-28,519401,1000971
502,AAPL,2012-12-31,781576,1409878
503,AAPL,2013-01-02,617520,1276063
504,AAPL,2013-01-03,381772,778798
505,AAPL,2013-01-04,561648,1481677
506,AAPL,2013-01-07,488475,1138671
507,AAPL,2013-01-08,510084,1022230
508,AAPL,2013-01-09,450848,924276
509,AAPL,2013-01-10,676660,1488950
510,AAPL,2013-01-11,438649,994203
511,AAPL,2013-01-14,872993,1761698
512,AAPL,2013-01-15,838617,1966434
513,AAPL,2013-01-16,677626,1497240
514,AAPL,2013-01-17,534061,1104334
515,AAPL,2013-01-18,737528,1295460
516,AAPL,2013-01-22,513717,1064997
517,AAPL,2013-01-23,856486,1573948
518,AAPL,2013-01-24,1038588,3045651
519,AAPL,2013-01-25,699781,2342602
520,AAPL,2013-01-28,579926,1634515
521,AAPL,2013-01-29,693077,1277964
522,AAPL,2013-01-30,479195,827445
523,AAPL,2013-01-31,308393,595439
524,AAPL,2013-02-01,604641,1286481
525,AAPL,2013-02-04,501594,1051161
526,AAPL,2013-02-05,713731,1408760
527,AAPL,2013-02-06,797538,1397737
528,AAPL,2013-02-07,866292,1536725
529,AAPL,2013-02-08,973330,1644858
530,AAPL,2013-02-11,548975,1067893
531,AAPL,2013-02-12,686417,1218906
532,AAPL,2013-02-13,552970,1083696
533,AAPL,2013-02-14,411143,891828
534,AAPL,2013-02-15,452220,1023413
535,AAPL,2013-02-19,601766,1117388
536,AAPL,2013-02-20,606659,1174654
537,AAPL,2013-02-21,551218,1136466
538,AAPL,2013-02-22,443615,882336
539,AAPL,2013-02-25,560845,999026
540,AAPL,2013-02-26,575608,1084191
541,AAPL,2013-02-27,590910,1377537
542,AAPL,2013-02-28,229523,589590
543,AAPL,2013-03-01,595481,1273072
544,AAPL,2013-03-04,514919,1194415
545,AAPL,2013-03-05,443823,1381107
546,AAPL,2013-03-06,400289,969354
547,AAPL,2013-03-07,479950,1179460
548,AAPL,2013-03-08,592836,1119438
549,AAPL,2013-03-11,402997,1030428
550,AAPL,2013-03-12,556624,1157117
551,AAPL,2013-03-13,393239,1066605
552,AAPL,2013-03-14,336887,832484
553,AAPL,2013-03-15,619929,1472624
554,AAPL,2013-03-18,726994,1467784
555,AAPL,2013-03-19,669345,1270220
556,AAPL,2013-03-20,364325,679888
557,AAPL,2013-03-21,438951,886616
558,AAPL,2013-03-22,483019,1053377
559,AAPL,2013-03-25,633681,1204403
560,AAPL,2013-03-26,282279,598777
561,AAPL,2013-03-27,336681,803828
562,AAPL,2013-03-28,379120,1009215
563,AAPL,2013-04-01,376155,935443
564,AAPL,2013-04-02,491761,1183274
565,AAPL,2013-04-03,357652,902924
566,AAPL,2013-04-04,472496,980102
567,AAPL,2013-04-05,606099,1124059
568,AAPL,2013-04-08,468224,766111
569,AAPL,2013-04-09,477725,858793
570,AAPL,2013-04-10,427014,889777
571,AAPL,2013-04-11,337491,774471
572,AAPL,2013-04-12,254995,574441
573,AAPL,2013-04-15,422821,825490
574,AAPL,2013-04-16,290309,642816
575,AAPL,2013-04-17,911028,1957250
576,AAPL,2013-04-18,832267,1604700
577,AAPL,2013-04-19,563786,1354077
578,AAPL,2013-04-22,446391,837876
579,AAPL,2013-04-23,420286,885391
580,AAPL,2013-04-24,683710,1778661
581,AAPL,2013-04-25,399867,823148
582,AAPL,2013-04-26,467074,1306510
583,AAPL,2013-04-29,533967,1206648
584,AAPL,2013-04-30,619285,1283616
585,AAPL,2013-05-01,536471,1026002
586,AAPL,2013-05-02,470889,893312
587,AAPL,2013-05-03,470494,889462
588,AAPL,2013-05-06,527967,904166
589,AAPL,2013-05-07,606868,979997
590,AAPL,2013-05-08,675261,1085651
591,AAPL,2013-05-09,518408,986237
592,AAPL,2013-05-10,515732,833263
593,AAPL,2013-05-13,387169,686770
594,AAPL,2013-05-14,441604,903386
595,AAPL,2013-05-15,759249,1600322
596,AAPL,2013-05-16,650774,1298166
597,AAPL,2013-05-17,728027,1254416
598,AAPL,2013-05-20,511953,913246
599,AAPL,2013-05-21,526816,958613
600,AAPL,2013-05-22,645773,1083199
601,AAPL,2013-05-23,598242,937334
602,AAPL,2013-05-24,482873,726008
603,AAPL,2013-05-28,656316,908954
604,AAPL,2013-05-29,518244,819970
605,AAPL,2013-05-30,567875,918523
606,AAPL,2013-05-31,615076,1011734
607,AAPL,2013-06-03,539266,834107
608,AAPL,2013-06-04,448988,662927
609,AAPL,2013-06-05,493877,724332
610,AAPL,2013-06-06,663473,1035066
611,AAPL,2013-06-07,641353,1047702
612,AAPL,2013-06-10,614121,1043173
613,AAPL,2013-06-11,453722,710908
614,AAPL,2013-06-12,401726,634733
615,AAPL,2013-06-13,508917,801522
616,AAPL,2013-06-14,434394,703127
617,AAPL,2013-06-17,367925,656091
618,AAPL,2013-06-18,232688,437214
619,AAPL,2013-06-19,378380,690764
620,AAPL,2013-06-20,509067,893100
621,AAPL,2013-06-21,615594,1073789
622,AAPL,2013-06-24,535408,1100307
623,AAPL,2013-06-25,378217,764862
624,AAPL,2013-06-26,438301,856399
625,AAPL,2013-06-27,457181,800149
626,AAPL,2013-06-28,507805,1142048
627,AAPL,2013-07-01,473188,916462
628,AAPL,2013-07-02,589257,1070465
629,AAPL,2013-07-03,426662,693798
630,AAPL,2013-07-05,369799,677824
631,AAPL,2013-07-08,443177,702424
632,AAPL,2013-07-09,425107,735531
633,AAPL,2013-07-10,387735,736329
634,AAPL,2013-07-11,456350,735689
635,AAPL,2013-07-12,451890,739307
636,AAPL,2013-07-15,246584,449017
637,AAPL,2013-07-16,316594,557417
638,AAPL,2013-07-17,275941,465436
639,AAPL,2013-07-18,323633,465006
640,AAPL,2013-07-19,430727,672799
641,AAPL,2013-07-22,243591,437944
642,AAPL,2013-07-23,344769,686538
643,AAPL,2013-07-24,733923,1308939
644,AAPL,2013-07-25,318425,610429
645,AAPL,2013-07-26,239066,453237
646,AAPL,2013-07-29,312898,603388
647,AAPL,2013-07-30,360884,653009
648,AAPL,2013-07-31,320090,561798
649,AAPL,2013-08-01,222640,362104
650,AAPL,2013-08-02,373087,626884
651,AAPL,2013-08-05,398273,601996
652,AAPL,2013-08-06,415337,698060
653,AAPL,2013-08-07,769777,944865
654,AAPL,2013-08-08,412544,675323
655,AAPL,2013-08-09,330305,574606
656,AAPL,2013-08-12,410787,695524
657,AAPL,2013-08-13,1135190,1767451
658,AAPL,2013-08-14,953852,1458233
659,AAPL,2013-08-15,556680,823104
660,AAPL,2013-08-16,552550,749560
661,AAPL,2013-08-19,640789,970167
662,AAPL,2013-08-20,473488,720648
663,AAPL,2013-08-21,442112,657037
664,AAPL,2013-08-22,289656,493310
665,AAPL,2013-08-23,255881,418780
666,AAPL,2013-08-26,332507,564044
667,AAPL,2013-08-27,467044,799508
668,AAPL,2013-08-28,352318,578768
669,AAPL,2013-08-29,235932,386973
670,AAPL,2013-08-30,391061,568074
671,AAPL,2013-09-03,362459,622089
672,AAPL,2013-09-04,365495,686680
673,AAPL,2013-09-05,234494,422840
674,AAPL,2013-09-06,459110,865049
675,AAPL,2013-09-09,330293,698016
676,AAPL,2013-09-10,687884,1460534
677,AAPL,2013-09-11,752773,1682910
678,AAPL,2013-09-12,312781,794564
679,AAPL,2013-09-13,351874,681891
680,AAPL,2013-09-16,463268,972898
681,AAPL,2013-09-17,354253,692451
682,AAPL,2013-09-18,426589,888156
683,AAPL,2013-09-19,568255,873888
684,AAPL,2013-09-20,724826,1249211
685,AAPL,2013-09-23,844236,1592294
686,AAPL,2013-09-24,442495,764839
687,AAPL,2013-09-25,360533,673975
688,AAPL,2013-09-26,275024,533109
689,AAPL,2013-09-27,413244,642152
690,AAPL,2013-09-30,414482,678993
691,AAPL,2013-10-01,351153,703057
692,AAPL,2013-10-02,284539,540683
693,AAPL,2013-10-03,360918,623978
694,AAPL,2013-10-04,355432,634064
695,AAPL,2013-10-07,301875,568956
696,AAPL,2013-10-08,383432,674876
697,AAPL,2013-10-09,315029,537851
698,AAPL,2013-10-10,376544,625804
699,AAPL,2013-10-11,325965,628262
700,AAPL,2013-10-14,244332,548137
701,AAPL,2013-10-15,333997,727111
702,AAPL,2013-10-16,290448,548468
703,AAPL,2013-10-17,352699,568441
704,AAPL,2013-10-18,425046,690620
705,AAPL,2013-10-21,357082,727717
706,AAPL,2013-10-22,466407,1009579
707,AAPL,2013-10-23,291282,646342
708,AAPL,2013-10-24,420792,842639
709,AAPL,2013-10-25,443653,838273
710,AAPL,2013-10-28,335144,805596
711,AAPL,2013-10-29,728146,1276055
712,AAPL,2013-10-30,406162,729043
713,AAPL,2013-10-31,355253,649213
714,AAPL,2013-11-01,484474,810914
715,AAPL,2013-11-04,278568,531305
716,AAPL,2013-11-05,332689,716614
717,AAPL,2013-11-06,260920,403933
718,AAPL,2013-11-07,286817,482982
719,AAPL,2013-11-08,403748,583142
720,AAPL,2013-11-11,256227,421795
721,AAPL,2013-11-12,231832,361834
722,AAPL,2013-11-13,262117,373528
723,AAPL,2013-11-14,423685,619257
724,AAPL,2013-11-15,372123,622994
725,AAPL,2013-11-18,199773,401210
726,AAPL,2013-11-19,239138,444992
727,AAPL,2013-11-20,230893,385091
728,AAPL,2013-11-21,333395,598848
729,AAPL,2013-11-22,235309,406234
730,AAPL,2013-11-25,252949,463096
731,AAPL,2013-11-26,458337,801284
732,AAPL,2013-11-27,558829,903759
733,AAPL,2013-11-29,429635,696915
734,AAPL,2013-12-02,591847,948976
735,AAPL,2013-12-03,487870,901773
736,AAPL,2013-12-04,405085,723081
737,AAPL,2013-12-05,444581,929229
738,AAPL,2013-12-06,357490,787838
739,AAPL,2013-12-09,264568,493149
740,AAPL,2013-12-10,233272,430943
741,AAPL,2013-12-11,396371,679112
742,AAPL,2013-12-12,273180,475208
743,AAPL,2013-12-13,388512,688429
744,AAPL,2013-12-16,266135,498036
745,AAPL,2013-12-17,176279,388569
746,AAPL,2013-12-18,464683,1015414
747,AAPL,2013-12-19,218289,555748
748,AAPL,2013-12-20,321412,710331
749,AAPL,2013-12-23,352587,807972
750,AAPL,2013-12-24,119750,270267
751,AAPL,2013-12-26,138063,301428
752,AAPL,2013-12-27,218678,506203
753,AAPL,2013-12-30,187291,418480
754,AAPL,2013-12-31,139199,375376
755,AAPL,2014-01-02,152814,370010
756,AAPL,2014-01-03,349480,790567
757,AAPL,2014-01-06,265716,629403
758,AAPL,2014-01-07,235855,484297
759,AAPL,2014-01-08,210911,457600
760,AAPL,2014-01-09,309381,525737
761,AAPL,2014-01-10,369505,643269
762,AAPL,2014-01-13,370843,690425
763,AAPL,2014-01-14,293050,574685
764,AAPL,2014-01-15,388230,792195
765,AAPL,2014-01-16,249855,429026
766,AAPL,2014-01-17,597713,895724
767,AAPL,2014-01-21,270170,591748
768,AAPL,2014-01-22,232520,591834
769,AAPL,2014-01-23,371387,755570
770,AAPL,2014-01-24,511064,873129
771,AAPL,2014-01-27,414770,836712
772,AAPL,2014-01-28,1060020,1931240
773,AAPL,2014-01-29,724070,1260079
774,AAPL,2014-01-30,474823,1002346
775,AAPL,2014-01-31,420880,845371
776,AAPL,2014-02-03,484817,742164
777,AAPL,2014-02-04,345607,612347
778,AAPL,2014-02-05,486065,661313
779,AAPL,2014-02-06,284428,487853
780,AAPL,2014-02-07,569599,806166
781,AAPL,2014-02-10,293234,592865
782,AAPL,2014-02-11,375888,623192
783,AAPL,2014-02-12,351012,564137
784,AAPL,2014-02-13,485169,746141
785,AAPL,2014-02-14,404500,689721
786,AAPL,2014-02-18,283507,461804
787,AAPL,2014-02-19,286154,527549
788,AAPL,2014-02-20,263515,567893
789,AAPL,2014-02-21,178786,401772
790,AAPL,2014-02-24,161209,403357
791,AAPL,2014-02-25,174641,402690
792,AAPL,2014-02-26,238355,570057
793,AAPL,2014-02-27,233011,522951
794,AAPL,2014-02-28,321979,716937
795,AAPL,2014-03-03,183158,333939
796,AAPL,2014-03-04,169265,327584
797,AAPL,2014-03-05,212291,432010
798,AAPL,2014-03-06,149857,309537
799,AAPL,2014-03-07,250835,437305
800,AAPL,2014-03-10,142953,269458
801,AAPL,2014-03-11,242220,460476
802,AAPL,2014-03-12,168168,362861
803,AAPL,2014-03-13,269153,547047
804,AAPL,2014-03-14,253611,561564
805,AAPL,2014-03-17,150411,312641
806,AAPL,2014-03-18,183345,311297
807,AAPL,2014-03-19,234908,387963
808,AAPL,2014-03-20,189866,310166
809,AAPL,2014-03-21,308792,498855
810,AAPL,2014-03-24,329344,524854
811,AAPL,2014-03-25,286317,493399
812,AAPL,2014-03-26,324872,549260
813,AAPL,2014-03-27,309676,493729
814,AAPL,2014-03-28,261550,456364
815,AAPL,2014-03-31,178844,347710
816,AAPL,2014-04-01,234934,385783
817,AAPL,2014-04-02,197456,333358
818,AAPL,2014-04-03,223748,397213
819,AAPL,2014-04-04,526851,801806
820,AAPL,2014-04-07,277153,514987
821,AAPL,2014-04-08,276551,481856
822,AAPL,2014-04-09,270423,442915
823,AAPL,2014-04-10,364731,626137
824,AAPL,2014-04-11,419874,667079
825,AAPL,2014-04-14,222964,399331
826,AAPL,2014-04-15,357020,593205
827,AAPL,2014-04-16,258377,431376
828,AAPL,2014-04-17,545575,787659
829,AAPL,2014-04-21,144886,318661
830,AAPL,2014-04-22,212608,388748
831,AAPL,2014-04-23,268959,515544
832,AAPL,2014-04-24,931325,1517164
833,AAPL,2014-04-25,511926,882396
834,AAPL,2014-04-28,747481,1261597
835,AAPL,2014-04-29,373985,675755
836,AAPL,2014-04-30,387856,663412
837,AAPL,2014-05-01,413063,694034
838,AAPL,2014-05-02,295920,430959
839,AAPL,2014-05-05,467989,783274
840,AAPL,2014-05-06,361905,758845
841,AAPL,2014-05-07,426763,755420
842,AAPL,2014-05-08,242234,484896
843,AAPL,2014-05-09,409334,814289
844,AAPL,2014-05-12,196709,423252
845,AAPL,2014-05-13,243009,486880
846,AAPL,2014-05-14,204092,423607
847,AAPL,2014-05-15,473294,806899
848,AAPL,2014-05-16,328160,664896
849,AAPL,2014-05-19,418932,910292
850,AAPL,2014-05-20,262261,545871
851,AAPL,2014-05-21,322217,598710
852,AAPL,2014-05-22,232286,432361
853,AAPL,2014-05-23,372378,752258
854,AAPL,2014-05-27,334434,739079
855,AAPL,2014-05-28,467676,908633
856,AAPL,2014-05-29,349301,661468
857,AAPL,2014-05-30,540508,1293448
858,AAPL,2014-06-02,320921,756556
859,AAPL,2014-06-03,313491,582645
860,AAPL,2014-06-04,273697,679209
861,AAPL,2014-06-05,338077,775227
862,AAPL,2014-06-06,344768,900372
863,AAPL,2014-06-09,2114440,4620624
864,AAPL,2014-06-10,1649267,3649238
865,AAPL,2014-06-11,1452529,2919779
866,AAPL,2014-06-12,1438511,2845041
867,AAPL,2014-06-13,2259880,4374819
868,AAPL,2014-06-16,721568,2126356
869,AAPL,2014-06-17,1079997,2383712
870,AAPL,2014-06-18,1011819,2125470
871,AAPL,2014-06-19,1472333,3138300
872,AAPL,2014-06-20,1863754,3892941
873,AAPL,2014-06-23,1245127,3513764
874,AAPL,2014-06-24,1300258,3131459
875,AAPL,2014-06-25,1405509,3146764
876,AAPL,2014-06-26,920731,2273986
877,AAPL,2014-06-27,1190888,3012066
878,AAPL,2014-06-30,992017,2710237
879,AAPL,2014-07-01,1050719,3171326
880,AAPL,2014-07-02,778888,2691319
881,AAPL,2014-07-03,751511,2377875
882,AAPL,2014-07-07,1675435,4202994
883,AAPL,2014-07-08,1574888,4305845
884,AAPL,2014-07-09,1298355,3125486
885,AAPL,2014-07-10,983164,2356321
886,AAPL,2014-07-11,1062685,2523237
887,AAPL,2014-07-14,1129940,2623296
888,AAPL,2014-07-15,1044496,2678726
889,AAPL,2014-07-16,1073056,2918809
890,AAPL,2014-07-17,1732104,3644696
891,AAPL,2014-07-18,1543448,2845443
892,AAPL,2014-07-21,1247164,2837844
893,AAPL,2014-07-22,1157195,2494848
894,AAPL,2014-07-23,2276675,4946368
895,AAPL,2014-07-24,973844,2412932
896,AAPL,2014-07-25,1341162,3512144
897,AAPL,2014-07-28,1316731,3003914
898,AAPL,2014-07-29,1653556,4012115
899,AAPL,2014-07-30,1067330,2366912
900,AAPL,2014-07-31,1932040,4306254
901,AAPL,2014-08-01,1766300,3277654
902,AAPL,2014-08-04,1873158,3470970
903,AAPL,2014-08-05,2335576,4124749
904,AAPL,2014-08-06,1371855,3480068
905,AAPL,2014-08-07,1669891,3265512
906,AAPL,2014-08-08,1904420,3624431
907,AAPL,2014-08-11,1047286,2128865
908,AAPL,2014-08-12,1732293,3169117
909,AAPL,2014-08-13,1142414,2308359
910,AAPL,2014-08-14,1165511,2637988
911,AAPL,2014-08-15,1896200,3537761
912,AAPL,2014-08-18,1612725,3539664
913,AAPL,2014-08-19,2162552,4444956
914,AAPL,2014-08-20,2156654,4065568
915,AAPL,2014-08-21,1253842,2460627
916,AAPL,2014-08-22,2027376,4090658
917,AAPL,2014-08-25,1279999,2901286
918,AAPL,2014-08-26,1274320,3252302
919,AAPL,2014-08-27,1359211,3014241
920,AAPL,2014-08-28,1870447,4099129
921,AAPL,2014-08-29,1225261,2464840
922,AAPL,2014-09-02,2128169,4182110
923,AAPL,2014-09-03,5214943,10219371
924,AAPL,2014-09-04,4006583,7934637
925,AAPL,2014-09-05,2382466,4937579
926,AAPL,2014-09-08,2148023,3822581
927,AAPL,2014-09-09,6886575,12993530
928,AAPL,2014-09-10,4605306,8757359
929,AAPL,2014-09-11,2729548,5240961
930,AAPL,2014-09-12,3633742,6381384
931,AAPL,2014-09-15,2713600,5327114
932,AAPL,2014-09-16,3772883,6944926
933,AAPL,2014-09-17,3051028,5227711
934,AAPL,2014-09-18,2198540,3477579
935,AAPL,2014-09-19,2657328,4469579
936,AAPL,2014-09-22,3048529,5653075
937,AAPL,2014-09-23,2707079,5560453
938,AAPL,2014-09-24,3527373,6557704
939,AAPL,2014-09-25,7269509,11154393
940,AAPL,2014-09-26,4191589,6730868
941,AAPL,2014-09-29,2904983,4513121
942,AAPL,2014-09-30,3210725,5236654
943,AAPL,2014-10-01,3202546,5252628
944,AAPL,2014-10-02,3636283,5874703
945,AAPL,2014-10-03,2062560,3898046
946,AAPL,2014-10-06,2548526,4542368
947,AAPL,2014-10-07,2155230,3758188
948,AAPL,2014-10-08,3965881,6890075
949,AAPL,2014-10-09,5166345,8715105
950,AAPL,2014-10-10,5206445,8484755
951,AAPL,2014-10-13,3759998,6149503
952,AAPL,2014-10-14,4838952,7725515
953,AAPL,2014-10-15,6063086,10161207
954,AAPL,2014-10-16,5820259,8967470
955,AAPL,2014-10-17,4043039,6434531
956,AAPL,2014-10-20,2845830,5906293
957,AAPL,2014-10-21,4873337,8302068
958,AAPL,2014-10-22,3230425,6750904
959,AAPL,2014-10-23,2531049,5777117
960,AAPL,2014-10-24,2129720,4548774
961,AAPL,2014-10-27,1076552,2602456
962,AAPL,2014-10-28,2032502,4363043
963,AAPL,2014-10-29,2181823,4074831
964,AAPL,2014-10-30,1605891,4079966
965,AAPL,2014-10-31,2074840,4160455
966,AAPL,2014-11-03,1691128,4798604
967,AAPL,2014-11-04,1770954,3543076
968,AAPL,2014-11-05,2106884,4071593
969,AAPL,2014-11-06,1570674,3703573
970,AAPL,2014-11-07,1431929,3269360
971,AAPL,2014-11-10,896982,2600432
972,AAPL,2014-11-11,1638654,3210935
973,AAPL,2014-11-12,1969485,4058659
974,AAPL,2014-11-13,2653938,5663204
975,AAPL,2014-11-14,1875116,3698946
976,AAPL,2014-11-17,2004156,4584323
977,AAPL,2014-11-18,1616222,3411152
978,AAPL,2014-11-19,2395533,4210502
979,AAPL,2014-11-20,1790418,3444032
980,AAPL,2014-11-21,2333790,4486173
981,AAPL,2014-11-24,1715439,3477397
982,AAPL,2014-11-25,3282330,5891453
983,AAPL,2014-11-26,2167212,3616013
984,AAPL,2014-11-28,1675066,2586924
985,AAPL,2014-12-01,3135178,7085033
986,AAPL,2014-12-02,2803929,5212956
987,AAPL,2014-12-03,1856152,3258995
988,AAPL,2014-12-04,1217913,2625605
989,AAPL,2014-12-05,1827970,3421337
990,AAPL,2014-12-08,2292521,4673389
991,AAPL,2014-12-09,2052996,4824539
992,AAPL,2014-12-10,2182179,3657339
993,AAPL,2014-12-11,2100064,3757099
994,AAPL,2014-12-12,2536762,4031029
995,AAPL,2014-12-15,2497122,4932052
996,AAPL,2014-12-16,1735294,4631192
997,AAPL,2014-12-17,2566153,4644848
998,AAPL,2014-12-18,1675617,4743107
999,AAPL,2014-12-19,2259164,4711641
1000,AAPL,2014-12-22,1057590,3023803
1001,AAPL,2014-12-23,879595,2560297
1002,AAPL,2014-12-24,313383,827733
1003,AAPL,2014-12-26,1027625,2610954
1004,AAPL,2014-12-29,1005883,2479564
1005,AAPL,2014-12-30,1083918,2222398
1006,AAPL,2014-12-31,1590445,3063811
