seqNo,ticker,date,open,high,low,close,ex_dividend,split_ratio,adj_open,adj_high,adj_low,adj_close,adj_volume
1,V,2014-12-31,265.48,267.25,262.18,262.2,0.0,1.0,65.07,65.51,64.26,64.27,6032496
2,V,2014-12-30,265.1,265.38,263.08,264.55,0.0,1.0,64.98,65.05,64.48,64.84,4781420
3,V,2014-12-29,266.48,267.7,265.05,265.43,0.0,1.0,65.32,65.62,64.97,65.06,5262444
4,V,2014-12-26,267.63,269.32,266.62,266.62,0.0,1.0,65.6,66.01,65.35,65.35,4767556
5,V,2014-12-24,265.49,268.85,265.38,267.63,0.0,1.0,65.07,65.9,65.05,65.6,5237588
6,V,2014-12-23,265.01,266.42,264.06,265.26,0.0,1.0,64.96,65.3,64.72,65.02,5537916
7,V,2014-12-22,262.42,264.31,262.03,264.21,0.0,1.0,64.32,64.78,64.23,64.76,5703328
8,V,2014-12-19,263.36,264.58,261.38,261.67,0.0,1.0,64.55,64.85,64.07,64.14,15563548
9,V,2014-12-18,261.84,264.45,261.14,264.16,0.0,1.0,64.18,64.82,64.01,64.75,10315512
10,V,2014-12-17,254.12,259.56,253.7,259.08,0.0,1.0,62.29,63.62,62.18,63.5,9726832
11,V,2014-12-16,252.92,258.45,252.35,253.41,0.0,1.0,61.99,63.35,61.85,62.11,12049404
12,V,2014-12-15,258.17,258.85,253.09,256.7,0.0,1.0,63.28,63.45,62.03,62.92,12831172
13,V,2014-12-12,260.53,264.45,256.78,256.78,0.0,1.0,63.86,64.82,62.94,62.94,15337752
14,V,2014-12-11,262.95,265.58,262.51,263.12,0.0,1.0,64.45,65.1,64.34,64.49,13383756
15,V,2014-12-10,263.78,264.84,261.0,261.72,0.0,1.0,64.66,64.91,63.97,64.15,8550852
16,V,2014-12-09,259.5,264.73,259.5,264.14,0.0,1.0,63.61,64.89,63.61,64.74,10454000
17,V,2014-12-08,263.5,265.63,262.52,263.1,0.0,1.0,64.59,65.11,64.35,64.49,12342100
18,V,2014-12-05,261.64,263.49,261.0,263.35,0.0,1.0,64.13,64.58,63.97,64.55,7837856
19,V,2014-12-04,262.08,262.25,260.05,261.14,0.0,1.0,64.24,64.28,63.74,64.01,7403544
20,V,2014-12-03,259.64,261.88,258.69,261.6,0.0,1.0,63.64,64.19,63.41,64.12,9382216
21,V,2014-12-02,259.17,260.25,258.23,260.01,0.0,1.0,63.53,63.79,63.29,63.73,8535316
22,V,2014-12-01,256.27,260.65,256.27,258.15,0.0,1.0,62.81,63.89,62.81,63.28,10925548
23,V,2014-11-28,258.58,259.5,257.9,258.19,0.0,1.0,63.38,63.61,63.21,63.28,5186708
24,V,2014-11-26,257.48,258.95,255.6,257.26,0.0,1.0,63.11,63.47,62.65,63.06,7978696
25,V,2014-11-25,255.36,258.0,254.82,257.26,0.0,1.0,62.59,63.24,62.46,63.06,12966300
26,V,2014-11-24,255.0,255.25,253.6,254.62,0.0,1.0,62.5,62.56,62.16,62.41,9106948
27,V,2014-11-21,255.14,256.56,252.82,254.22,0.0,1.0,62.54,62.89,61.97,62.31,11886740
28,V,2014-11-20,247.53,251.89,247.51,251.67,0.0,1.0,60.67,61.74,60.67,61.69,6699900
29,V,2014-11-19,250.23,250.83,247.19,249.86,0.0,1.0,61.33,61.48,60.59,61.24,6641308
30,V,2014-11-18,249.79,251.73,249.07,249.73,0.0,1.0,61.23,61.7,61.05,61.21,7648780
31,V,2014-11-17,248.58,251.43,248.16,249.8,0.0,1.0,60.93,61.63,60.83,61.23,9876692
32,V,2014-11-14,251.14,251.16,248.73,248.84,0.0,1.0,61.56,61.56,60.97,60.99,8532364
33,V,2014-11-13,252.4,252.4,249.59,250.92,0.0,1.0,61.87,61.87,61.18,61.5,12473228
34,V,2014-11-12,248.85,252.16,248.34,251.95,0.48,1.0,61.0,61.81,60.87,61.76,10895244
35,V,2014-11-11,249.18,249.88,248.16,249.73,0.0,1.0,60.96,61.13,60.71,61.09,8467776
36,V,2014-11-10,251.98,252.4,248.53,250.21,0.0,1.0,61.65,61.75,60.8,61.21,13145336
37,V,2014-11-07,250.12,252.43,249.04,252.43,0.0,1.0,61.19,61.76,60.93,61.76,9507780
38,V,2014-11-06,249.51,250.9,247.54,250.09,0.0,1.0,61.04,61.38,60.56,61.18,13211948
39,V,2014-11-05,244.16,252.34,244.0,249.53,0.0,1.0,59.73,61.73,59.69,61.05,21928448
40,V,2014-11-04,239.65,243.01,239.1,242.97,0.0,1.0,58.63,59.45,58.49,59.44,16644508
41,V,2014-11-03,240.98,243.2,239.0,241.54,0.0,1.0,58.95,59.5,58.47,59.09,12721972
42,V,2014-10-31,237.29,242.5,237.29,241.43,0.0,1.0,58.05,59.33,58.05,59.06,24956304
43,V,2014-10-30,228.53,239.28,228.02,236.65,0.0,1.0,55.91,58.54,55.78,57.89,50855824
44,V,2014-10-29,216.31,218.4,213.75,214.66,0.0,1.0,52.92,53.43,52.29,52.52,16095252
45,V,2014-10-28,214.61,216.86,214.06,216.71,0.0,1.0,52.5,53.05,52.37,53.02,10517288
46,V,2014-10-27,213.06,214.73,212.21,213.41,0.0,1.0,52.12,52.53,51.92,52.21,6658908
47,V,2014-10-24,213.63,214.15,211.86,213.48,0.0,1.0,52.26,52.39,51.83,52.23,10901788
48,V,2014-10-23,213.87,215.9,212.68,214.28,0.0,1.0,52.32,52.82,52.03,52.42,9729692
49,V,2014-10-22,213.29,213.95,210.77,210.92,0.0,1.0,52.18,52.34,51.56,51.6,11042152
50,V,2014-10-21,209.78,213.38,207.9,213.31,0.0,1.0,51.32,52.2,50.86,52.18,12985680
51,V,2014-10-20,205.53,208.2,205.14,207.85,0.0,1.0,50.28,50.93,50.19,50.85,7634776
52,V,2014-10-17,204.84,206.57,203.57,206.0,0.0,1.0,50.11,50.54,49.8,50.4,12731560
53,V,2014-10-16,197.09,203.21,195.19,203.0,0.0,1.0,48.22,49.71,47.75,49.66,15625440
54,V,2014-10-15,200.86,201.97,196.95,200.25,0.0,1.0,49.14,49.41,48.18,48.99,19668072
55,V,2014-10-14,204.41,205.9,202.44,202.72,0.0,1.0,50.01,50.37,49.53,49.59,14018232
56,V,2014-10-13,204.5,207.75,203.72,204.28,0.0,1.0,50.03,50.82,49.84,49.98,12203956
57,V,2014-10-10,207.89,209.57,204.98,204.98,0.0,1.0,50.86,51.27,50.15,50.15,11744836
58,V,2014-10-09,212.21,212.21,207.58,207.71,0.0,1.0,51.92,51.92,50.78,50.81,10996620
59,V,2014-10-08,208.03,212.54,207.7,212.36,0.0,1.0,50.89,52.0,50.81,51.95,14038920
60,V,2014-10-07,210.81,211.09,207.85,208.05,0.0,1.0,51.57,51.64,50.85,50.9,8950228
61,V,2014-10-06,212.59,213.15,211.66,211.79,0.0,1.0,52.01,52.15,51.78,51.81,8937896
62,V,2014-10-03,211.03,212.3,210.18,211.99,0.0,1.0,51.63,51.94,51.42,51.86,9966504
63,V,2014-10-02,209.0,210.0,207.8,209.72,0.0,1.0,51.13,51.38,50.84,51.31,11412336
64,V,2014-10-01,212.85,213.81,209.75,210.01,0.0,1.0,52.07,52.31,51.31,51.38,11686120
65,V,2014-09-30,211.17,214.02,211.02,213.37,0.0,1.0,51.66,52.36,51.62,52.2,11463928
66,V,2014-09-29,210.21,211.46,209.12,210.93,0.0,1.0,51.43,51.73,51.16,51.6,8788964
67,V,2014-09-26,211.45,212.22,210.56,211.94,0.0,1.0,51.73,51.92,51.51,51.85,7179304
68,V,2014-09-25,214.04,214.27,210.42,210.71,0.0,1.0,52.36,52.42,51.48,51.55,11382740
69,V,2014-09-24,212.78,215.0,212.25,214.41,0.0,1.0,52.06,52.6,51.93,52.45,8331504
70,V,2014-09-23,213.9,213.9,212.46,212.46,0.0,1.0,52.33,52.33,51.98,51.98,7950388
71,V,2014-09-22,216.98,216.98,213.75,213.88,0.0,1.0,53.08,53.08,52.29,52.32,8707952
72,V,2014-09-19,217.69,218.15,215.49,216.25,0.0,1.0,53.26,53.37,52.72,52.9,20475200
73,V,2014-09-18,215.93,216.68,215.14,216.44,0.0,1.0,52.83,53.01,52.63,52.95,9215200
74,V,2014-09-17,217.0,217.49,213.7,215.53,0.0,1.0,53.09,53.21,52.28,52.73,12321200
75,V,2014-09-16,214.91,217.78,213.65,217.3,0.0,1.0,52.58,53.28,52.27,53.16,9211600
76,V,2014-09-15,213.85,215.61,213.85,214.64,0.0,1.0,52.32,52.75,52.32,52.51,7036800
77,V,2014-09-12,214.88,215.75,212.75,214.04,0.0,1.0,52.57,52.78,52.05,52.36,8710800
78,V,2014-09-11,216.7,216.75,214.45,214.95,0.0,1.0,53.01,53.03,52.46,52.59,8861200
79,V,2014-09-10,214.07,218.65,214.04,216.88,0.0,1.0,52.37,53.49,52.36,53.06,12646800
80,V,2014-09-09,215.29,215.47,214.0,214.28,0.0,1.0,52.67,52.71,52.35,52.42,7328800
81,V,2014-09-08,214.01,216.22,213.5,215.77,0.0,1.0,52.36,52.9,52.23,52.79,10266400
82,V,2014-09-05,214.36,214.37,213.1,214.21,0.0,1.0,52.44,52.44,52.13,52.41,8202800
83,V,2014-09-04,215.44,216.12,214.0,214.26,0.0,1.0,52.71,52.87,52.35,52.42,9492400
84,V,2014-09-03,215.07,216.16,214.31,214.9,0.0,1.0,52.62,52.88,52.43,52.57,7788400
85,V,2014-09-02,213.41,214.97,212.71,214.73,0.0,1.0,52.21,52.59,52.04,52.53,8066400
86,V,2014-08-29,214.56,215.0,212.1,212.52,0.0,1.0,52.49,52.6,51.89,51.99,14646000
87,V,2014-08-28,215.0,215.74,213.77,214.6,0.0,1.0,52.6,52.78,52.3,52.5,10988800
88,V,2014-08-27,217.12,217.53,215.29,217.13,0.0,1.0,53.12,53.22,52.67,53.12,7960800
89,V,2014-08-26,216.49,218.0,216.18,216.73,0.0,1.0,52.96,53.33,52.89,53.02,6898000
90,V,2014-08-25,217.2,217.32,215.85,216.02,0.0,1.0,53.14,53.17,52.81,52.85,4962400
91,V,2014-08-22,216.2,216.95,215.3,216.09,0.0,1.0,52.89,53.08,52.67,52.87,7145600
92,V,2014-08-21,216.5,216.97,215.71,215.75,0.0,1.0,52.97,53.08,52.77,52.78,5544000
93,V,2014-08-20,214.58,216.44,214.43,216.2,0.0,1.0,52.5,52.95,52.46,52.89,7296800
94,V,2014-08-19,214.75,215.69,214.13,215.0,0.0,1.0,52.54,52.77,52.39,52.6,8212400
95,V,2014-08-18,211.49,214.43,211.27,214.32,0.0,1.0,51.74,52.46,51.69,52.43,8352400
96,V,2014-08-15,212.89,213.32,209.93,210.19,0.0,1.0,52.08,52.19,51.36,51.42,8999600
97,V,2014-08-14,212.09,212.59,211.31,212.52,0.0,1.0,51.89,52.01,51.7,51.99,7136800
98,V,2014-08-13,210.95,212.1,210.46,211.43,0.4,1.0,51.61,51.89,51.49,51.73,6458000
99,V,2014-08-12,210.09,211.2,209.45,210.3,0.0,1.0,51.3,51.57,51.14,51.35,6442000
100,V,2014-08-11,211.04,211.22,210.03,210.58,0.0,1.0,51.53,51.58,51.29,51.42,9018400
101,V,2014-08-08,208.88,210.55,208.21,210.46,0.0,1.0,51.0,51.41,50.84,51.39,9256800
102,V,2014-08-07,211.18,211.45,208.6,209.04,0.0,1.0,51.57,51.63,50.94,51.04,9568000
103,V,2014-08-06,209.98,211.38,209.81,210.69,0.0,1.0,51.27,51.62,51.23,51.45,7528400
104,V,2014-08-05,211.5,212.39,209.17,210.54,0.0,1.0,51.64,51.86,51.08,51.41,11151200
105,V,2014-08-04,212.85,213.17,211.52,212.16,0.0,1.0,51.97,52.05,51.65,51.81,8079600
106,V,2014-08-01,209.87,213.06,209.78,211.81,0.0,1.0,51.25,52.03,51.22,51.72,14100000
107,V,2014-07-31,213.27,213.36,211.01,211.01,0.0,1.0,52.08,52.1,51.52,51.52,13874000
108,V,2014-07-30,213.49,214.79,213.45,214.06,0.0,1.0,52.13,52.45,52.12,52.27,10422800
109,V,2014-07-29,214.4,215.71,213.33,213.5,0.0,1.0,52.35,52.67,52.09,52.13,10577200
110,V,2014-07-28,214.42,214.96,213.12,214.22,0.0,1.0,52.36,52.49,52.04,52.31,10401600
111,V,2014-07-25,214.1,216.7,211.34,214.77,0.0,1.0,52.28,52.91,51.61,52.44,27530400
112,V,2014-07-24,223.39,223.85,221.83,222.74,0.0,1.0,54.55,54.66,54.17,54.39,11947600
113,V,2014-07-23,221.49,222.54,220.68,221.2,0.0,1.0,54.08,54.34,53.89,54.01,8189200
114,V,2014-07-22,220.92,222.59,220.61,221.26,0.0,1.0,53.94,54.35,53.87,54.03,7699200
115,V,2014-07-21,219.53,220.13,218.51,219.22,0.0,1.0,53.61,53.75,53.36,53.53,6168400
116,V,2014-07-18,219.18,221.89,218.92,220.2,0.0,1.0,53.52,54.18,53.46,53.77,11068000
117,V,2014-07-17,221.94,222.0,217.83,217.88,0.0,1.0,54.19,54.21,53.19,53.2,9806000
118,V,2014-07-16,222.94,223.16,221.08,222.67,0.0,1.0,54.44,54.49,53.98,54.37,8853200
119,V,2014-07-15,221.67,224.75,220.9,221.78,0.0,1.0,54.13,54.88,53.94,54.15,10900800
120,V,2014-07-14,218.75,222.36,217.65,221.03,0.0,1.0,53.41,54.3,53.15,53.97,13716400
121,V,2014-07-11,215.95,217.04,214.37,217.0,0.0,1.0,52.73,53.0,52.35,52.99,5696800
122,V,2014-07-10,213.8,216.89,212.68,215.54,0.0,1.0,52.21,52.96,51.93,52.63,8536800
123,V,2014-07-09,215.5,216.28,214.51,216.16,0.0,1.0,52.62,52.81,52.38,52.78,5177200
124,V,2014-07-08,216.77,216.89,213.15,215.26,0.0,1.0,52.93,52.96,52.05,52.56,12149200
125,V,2014-07-07,216.43,217.55,215.64,216.74,0.0,1.0,52.85,53.12,52.66,52.92,6612400
126,V,2014-07-03,215.31,217.0,215.1,216.51,0.0,1.0,52.57,52.99,52.52,52.87,5571600
127,V,2014-07-02,214.88,215.49,214.25,214.84,0.0,1.0,52.47,52.62,52.32,52.46,5768800
128,V,2014-07-01,211.95,215.35,211.83,214.25,0.0,1.0,51.75,52.58,51.73,52.32,10993600
129,V,2014-06-30,208.66,211.74,208.5,210.71,0.0,1.0,50.95,51.7,50.91,51.45,9961600
130,V,2014-06-27,208.1,209.9,207.86,209.28,0.0,1.0,50.81,51.25,50.75,51.1,12961200
131,V,2014-06-26,209.83,209.86,207.56,208.96,0.0,1.0,51.24,51.24,50.68,51.02,8580400
132,V,2014-06-25,207.31,210.49,207.31,209.06,0.0,1.0,50.62,51.4,50.62,51.05,8244800
133,V,2014-06-24,209.27,210.59,207.38,207.79,0.0,1.0,51.1,51.42,50.64,50.74,13089600
134,V,2014-06-23,209.0,209.81,208.18,209.47,0.0,1.0,51.03,51.23,50.83,51.15,14765200
135,V,2014-06-20,211.52,212.12,209.1,209.49,0.0,1.0,51.65,51.8,51.06,51.15,18358800
136,V,2014-06-19,211.47,212.16,208.02,210.32,0.0,1.0,51.64,51.81,50.79,51.36,15331200
137,V,2014-06-18,210.45,211.25,209.03,211.25,0.0,1.0,51.39,51.58,51.04,51.58,10326000
138,V,2014-06-17,210.14,211.92,209.9,210.81,0.0,1.0,51.31,51.75,51.25,51.48,5722400
139,V,2014-06-16,210.88,210.99,209.97,210.24,0.0,1.0,51.49,51.52,51.27,51.34,7899200
140,V,2014-06-13,211.87,212.07,210.85,211.29,0.0,1.0,51.73,51.78,51.49,51.59,7085200
141,V,2014-06-12,212.39,213.17,211.23,211.77,0.0,1.0,51.86,52.05,51.58,51.71,6218000
142,V,2014-06-11,212.99,213.91,212.12,212.68,0.0,1.0,52.01,52.23,51.8,51.93,6758000
143,V,2014-06-10,213.0,214.78,212.75,214.25,0.0,1.0,52.01,52.45,51.95,52.32,6835600
144,V,2014-06-09,213.49,213.99,211.63,212.58,0.0,1.0,52.13,52.25,51.68,51.91,5516400
145,V,2014-06-06,212.53,213.4,211.61,213.0,0.0,1.0,51.9,52.11,51.67,52.01,10002400
146,V,2014-06-05,212.12,212.5,210.62,212.22,0.0,1.0,51.8,51.89,51.43,51.82,6597600
147,V,2014-06-04,211.16,211.43,209.45,211.43,0.0,1.0,51.56,51.63,51.14,51.63,12589600
148,V,2014-06-03,213.03,213.23,210.8,211.32,0.0,1.0,52.02,52.07,51.47,51.6,9011600
149,V,2014-06-02,215.37,215.69,212.84,213.52,0.0,1.0,52.59,52.67,51.97,52.14,6364000
150,V,2014-05-30,215.88,215.95,213.33,214.83,0.0,1.0,52.71,52.73,52.09,52.46,6136400
151,V,2014-05-29,214.0,214.69,213.5,214.67,0.0,1.0,52.25,52.42,52.13,52.42,5260400
152,V,2014-05-28,214.5,214.5,213.0,213.8,0.0,1.0,52.38,52.38,52.01,52.21,7223200
153,V,2014-05-27,212.99,214.52,212.82,214.5,0.0,1.0,52.01,52.38,51.97,52.38,9676800
154,V,2014-05-23,209.99,212.27,209.7,212.07,0.0,1.0,51.28,51.83,51.21,51.78,11117600
155,V,2014-05-22,210.13,210.28,208.7,209.37,0.0,1.0,51.31,51.35,50.96,51.12,16870000
156,V,2014-05-21,208.85,210.67,208.59,210.1,0.0,1.0,51.0,51.44,50.93,51.3,9096400
157,V,2014-05-20,210.32,210.32,207.4,207.92,0.0,1.0,51.36,51.36,50.64,50.77,8740000
158,V,2014-05-19,209.38,210.98,208.85,210.36,0.0,1.0,51.13,51.52,51.0,51.37,7039600
159,V,2014-05-16,207.59,210.09,207.59,209.81,0.0,1.0,50.69,51.3,50.69,51.23,12279600
160,V,2014-05-15,209.0,209.69,206.42,207.45,0.0,1.0,51.03,51.2,50.4,50.66,12685200
161,V,2014-05-14,211.2,211.88,209.86,209.86,0.4,1.0,51.57,51.74,51.24,51.24,6838000
162,V,2014-05-13,211.99,212.69,211.4,212.06,0.0,1.0,51.67,51.84,51.52,51.68,7137600
163,V,2014-05-12,211.08,212.48,211.03,211.7,0.0,1.0,51.44,51.79,51.43,51.59,8732800
164,V,2014-05-09,210.18,210.87,208.15,210.81,0.0,1.0,51.22,51.39,50.73,51.38,11795600
165,V,2014-05-08,208.93,212.1,208.61,210.9,0.0,1.0,50.92,51.69,50.84,51.4,14613600
166,V,2014-05-07,207.01,209.0,204.44,208.7,0.0,1.0,50.45,50.94,49.82,50.86,14732000
167,V,2014-05-06,206.7,207.02,205.2,205.36,0.0,1.0,50.38,50.45,50.01,50.05,10873200
168,V,2014-05-05,203.75,207.88,203.0,207.13,0.0,1.0,49.66,50.66,49.47,50.48,13792800
169,V,2014-05-02,205.74,207.1,204.0,204.42,0.0,1.0,50.14,50.47,49.72,49.82,10908800
170,V,2014-05-01,204.1,207.31,203.36,206.09,0.0,1.0,49.74,50.53,49.56,50.23,14273200
171,V,2014-04-30,202.26,203.64,201.9,202.61,0.0,1.0,49.29,49.63,49.21,49.38,12145600
172,V,2014-04-29,201.89,204.05,201.79,202.67,0.0,1.0,49.2,49.73,49.18,49.39,12760000
173,V,2014-04-28,199.5,201.93,199.01,201.42,0.0,1.0,48.62,49.21,48.5,49.09,24263200
174,V,2014-04-25,200.0,203.8,198.56,198.93,0.0,1.0,48.74,49.67,48.39,48.48,38239200
175,V,2014-04-24,209.8,210.5,207.59,209.4,0.0,1.0,51.13,51.3,50.59,51.03,13547200
176,V,2014-04-23,210.3,210.3,208.0,208.82,0.0,1.0,51.25,51.25,50.69,50.89,8819600
177,V,2014-04-22,209.34,210.58,208.53,209.97,0.0,1.0,51.02,51.32,50.82,51.17,9840000
178,V,2014-04-21,208.98,209.5,208.39,209.13,0.0,1.0,50.93,51.06,50.79,50.97,10012400
179,V,2014-04-17,210.34,211.54,207.95,207.95,0.0,1.0,51.26,51.56,50.68,50.68,13364000
180,V,2014-04-16,207.0,209.56,205.48,209.36,0.0,1.0,50.45,51.07,50.08,51.02,15832800
181,V,2014-04-15,203.84,204.94,199.17,204.05,0.0,1.0,49.68,49.95,48.54,49.73,19214000
182,V,2014-04-14,199.8,201.95,198.01,201.01,0.0,1.0,48.69,49.22,48.26,48.99,20925600
183,V,2014-04-11,199.23,200.0,194.84,196.63,0.0,1.0,48.56,48.74,47.49,47.92,29939600
184,V,2014-04-10,208.26,209.07,200.15,201.55,0.0,1.0,50.76,50.95,48.78,49.12,20403600
185,V,2014-04-09,204.58,207.78,202.62,207.54,0.0,1.0,49.86,50.64,49.38,50.58,19142800
186,V,2014-04-08,202.82,205.92,202.0,202.59,0.0,1.0,49.43,50.19,49.23,49.37,21745600
187,V,2014-04-07,206.78,207.44,201.02,203.41,0.0,1.0,50.4,50.56,48.99,49.57,40124000
188,V,2014-04-04,215.57,215.71,205.75,207.7,0.0,1.0,52.54,52.57,50.14,50.62,24449200
189,V,2014-04-03,215.79,216.28,213.38,215.01,0.0,1.0,52.59,52.71,52.0,52.4,14210400
190,V,2014-04-02,214.78,216.5,213.37,214.66,0.0,1.0,52.35,52.76,52.0,52.32,9344800
191,V,2014-04-01,217.08,218.16,214.55,214.7,0.0,1.0,52.91,53.17,52.29,52.33,9090400
192,V,2014-03-31,212.79,215.86,211.67,215.86,0.0,1.0,51.86,52.61,51.59,52.61,11639200
193,V,2014-03-28,214.48,216.34,210.52,212.09,0.0,1.0,52.27,52.73,51.31,51.69,14950000
194,V,2014-03-27,214.89,216.17,213.05,215.77,0.0,1.0,52.37,52.68,51.92,52.59,10489600
195,V,2014-03-26,219.95,220.19,215.68,215.68,0.0,1.0,53.61,53.66,52.56,52.56,10657200
196,V,2014-03-25,222.19,223.04,218.4,218.4,0.0,1.0,54.15,54.36,53.23,53.23,11675200
197,V,2014-03-24,225.39,226.23,219.1,220.75,0.0,1.0,54.93,55.14,53.4,53.8,18228400
198,V,2014-03-21,222.97,232.67,219.7,223.37,0.0,1.0,54.34,56.71,53.54,54.44,38092400
199,V,2014-03-20,224.12,224.12,220.91,221.82,0.0,1.0,54.62,54.62,53.84,54.06,11890000
200,V,2014-03-19,226.61,227.09,222.0,223.82,0.0,1.0,55.23,55.35,54.11,54.55,7888800
201,V,2014-03-18,224.6,226.77,223.25,226.41,0.0,1.0,54.74,55.27,54.41,55.18,8304800
202,V,2014-03-17,221.99,223.88,221.38,223.78,0.0,1.0,54.1,54.56,53.95,54.54,8800000
203,V,2014-03-14,220.62,221.92,218.56,220.77,0.0,1.0,53.77,54.09,53.27,53.81,13692000
204,V,2014-03-13,226.66,227.49,220.43,220.78,0.0,1.0,55.24,55.44,53.72,53.81,11996400
205,V,2014-03-12,226.12,227.68,225.29,226.1,0.0,1.0,55.11,55.49,54.91,55.1,9394800
206,V,2014-03-11,225.95,228.39,224.63,227.18,0.0,1.0,55.07,55.66,54.75,55.37,11062800
207,V,2014-03-10,225.51,226.37,224.72,225.5,0.0,1.0,54.96,55.17,54.77,54.96,7350400
208,V,2014-03-07,224.95,225.73,223.54,225.56,0.0,1.0,54.82,55.01,54.48,54.97,8971200
209,V,2014-03-06,223.76,226.07,223.32,223.86,0.0,1.0,54.53,55.1,54.43,54.56,9120400
210,V,2014-03-05,225.62,225.8,222.3,222.81,0.0,1.0,54.99,55.03,54.18,54.3,11328400
211,V,2014-03-04,225.15,225.97,222.58,225.5,0.0,1.0,54.87,55.07,54.25,54.96,14884800
212,V,2014-03-03,223.24,224.04,219.59,221.44,0.0,1.0,54.41,54.6,53.52,53.97,16422800
213,V,2014-02-28,226.47,227.99,220.7,225.94,0.0,1.0,55.19,55.57,53.79,55.07,14004000
214,V,2014-02-27,226.19,227.8,225.6,226.28,0.0,1.0,55.13,55.52,54.98,55.15,8097600
215,V,2014-02-26,227.23,227.9,225.26,226.11,0.0,1.0,55.38,55.54,54.9,55.11,10413600
216,V,2014-02-25,226.19,228.43,225.49,227.11,0.0,1.0,55.13,55.67,54.96,55.35,11339600
217,V,2014-02-24,223.73,227.43,223.46,226.19,0.0,1.0,54.53,55.43,54.46,55.13,10817200
218,V,2014-02-21,223.73,224.67,222.98,223.36,0.0,1.0,54.53,54.76,54.34,54.44,9136000
219,V,2014-02-20,224.16,224.97,222.59,223.46,0.0,1.0,54.63,54.83,54.25,54.46,8810000
220,V,2014-02-19,225.87,227.79,223.68,223.88,0.0,1.0,55.05,55.52,54.51,54.56,9322000
221,V,2014-02-18,226.48,228.48,225.62,226.06,0.0,1.0,55.2,55.68,54.99,55.09,13427200
222,V,2014-02-14,224.27,226.24,223.51,226.0,0.0,1.0,54.66,55.14,54.47,55.08,12682000
223,V,2014-02-13,222.85,224.75,222.46,224.05,0.0,1.0,54.31,54.78,54.22,54.6,13158800
224,V,2014-02-12,223.44,224.9,222.89,224.17,0.4,1.0,54.46,54.81,54.32,54.63,14650800
225,V,2014-02-11,221.13,222.89,220.05,222.33,0.0,1.0,53.8,54.23,53.53,54.09,9809600
226,V,2014-02-10,221.89,222.13,219.99,220.55,0.0,1.0,53.98,54.04,53.52,53.66,10316800
227,V,2014-02-07,220.19,222.0,218.46,221.78,0.0,1.0,53.57,54.01,53.15,53.96,12537200
228,V,2014-02-06,216.08,219.01,215.78,219.01,0.0,1.0,52.57,53.28,52.5,53.28,12721600
229,V,2014-02-05,213.24,216.74,213.12,215.61,0.0,1.0,51.88,52.73,51.85,52.45,13520800
230,V,2014-02-04,214.16,215.88,211.38,214.54,0.0,1.0,52.1,52.52,51.43,52.19,14913600
231,V,2014-02-03,216.51,217.84,212.07,213.47,0.0,1.0,52.67,53.0,51.59,51.93,21662400
232,V,2014-01-31,216.13,218.9,215.11,215.43,0.0,1.0,52.58,53.25,52.33,52.41,24457200
233,V,2014-01-30,225.75,226.0,216.31,220.88,0.0,1.0,54.92,54.98,52.62,53.74,20040400
234,V,2014-01-29,219.1,220.74,216.5,217.12,0.0,1.0,53.3,53.7,52.67,52.82,16800000
235,V,2014-01-28,217.62,222.36,217.4,220.96,0.0,1.0,52.94,54.1,52.89,53.76,17852400
236,V,2014-01-27,222.07,222.07,215.12,216.22,0.0,1.0,54.03,54.03,52.34,52.6,19470800
237,V,2014-01-24,226.4,226.96,221.25,221.25,0.0,1.0,55.08,55.22,53.83,53.83,16043200
238,V,2014-01-23,231.66,232.33,227.66,228.25,0.0,1.0,56.36,56.52,55.39,55.53,13662400
239,V,2014-01-22,232.4,233.82,231.68,232.99,0.0,1.0,56.54,56.88,56.36,56.68,7254400
240,V,2014-01-21,234.39,235.5,230.82,231.93,0.0,1.0,57.02,57.29,56.15,56.42,19752400
241,V,2014-01-17,222.05,232.26,222.04,232.18,0.0,1.0,54.02,56.5,54.02,56.49,38344400
242,V,2014-01-16,223.19,223.76,221.29,221.77,0.0,1.0,54.3,54.44,53.84,53.95,13514000
243,V,2014-01-15,222.85,224.9,221.83,223.76,0.0,1.0,54.22,54.71,53.97,54.44,11288000
244,V,2014-01-14,218.74,222.65,218.33,222.65,0.0,1.0,53.22,54.17,53.12,54.17,10851600
245,V,2014-01-13,222.02,224.18,218.61,218.9,0.0,1.0,54.01,54.54,53.18,53.25,13554400
246,V,2014-01-10,221.84,222.74,220.01,221.13,0.0,1.0,53.97,54.19,53.52,53.8,6429600
247,V,2014-01-09,223.55,224.52,221.66,221.91,0.0,1.0,54.39,54.62,53.93,53.99,8386400
248,V,2014-01-08,221.42,223.0,220.64,222.22,0.0,1.0,53.87,54.25,53.68,54.06,8487200
249,V,2014-01-07,220.75,222.11,220.46,221.51,0.0,1.0,53.7,54.04,53.63,53.89,8178000
250,V,2014-01-06,221.18,222.31,219.59,219.83,0.0,1.0,53.81,54.08,53.42,53.48,8577600
251,V,2014-01-03,221.75,222.49,220.23,221.16,0.0,1.0,53.95,54.13,53.58,53.8,7809600
252,V,2014-01-02,221.54,222.03,219.5,221.01,0.0,1.0,53.9,54.02,53.4,53.77,10654000
253,V,2013-12-31,221.52,222.72,221.03,222.68,0.0,1.0,53.89,54.18,53.77,54.17,6448400
254,V,2013-12-30,220.59,221.62,219.7,220.91,0.0,1.0,53.67,53.92,53.45,53.74,5940000
255,V,2013-12-27,221.0,221.4,219.15,219.67,0.0,1.0,53.77,53.86,53.32,53.44,5242000
256,V,2013-12-26,218.99,220.25,218.99,220.2,0.0,1.0,53.28,53.58,53.28,53.57,4898800
257,V,2013-12-24,218.47,219.59,217.02,218.73,0.0,1.0,53.15,53.42,52.8,53.21,5207600
258,V,2013-12-23,216.99,218.83,216.55,218.03,0.0,1.0,52.79,53.24,52.68,53.04,7994800
259,V,2013-12-20,216.72,218.2,215.9,215.97,0.0,1.0,52.72,53.08,52.52,52.54,23263600
260,V,2013-12-19,214.93,217.87,214.54,216.08,0.0,1.0,52.29,53.0,52.19,52.57,13394800
261,V,2013-12-18,213.1,215.48,210.0,215.35,0.0,1.0,51.84,52.42,51.09,52.39,16142000
262,V,2013-12-17,208.62,213.81,207.84,213.25,0.0,1.0,50.75,52.02,50.56,51.88,20647200
263,V,2013-12-16,208.04,210.57,207.29,207.75,0.0,1.0,50.61,51.23,50.43,50.54,14779600
264,V,2013-12-13,204.51,208.0,203.92,207.36,0.0,1.0,49.75,50.6,49.61,50.45,17674400
265,V,2013-12-12,204.97,205.65,202.5,203.44,0.0,1.0,49.87,50.03,49.26,49.49,11469200
266,V,2013-12-11,201.0,207.91,201.0,205.66,0.0,1.0,48.9,50.58,48.9,50.03,40328000
267,V,2013-12-10,200.91,201.69,199.43,199.43,0.0,1.0,48.88,49.07,48.52,48.52,15647200
268,V,2013-12-09,201.78,202.7,201.36,201.59,0.0,1.0,49.09,49.31,48.99,49.04,12667200
269,V,2013-12-06,203.7,203.84,201.0,201.87,0.0,1.0,49.56,49.59,48.9,49.11,9106800
270,V,2013-12-05,202.19,202.94,201.52,201.71,0.0,1.0,49.19,49.37,49.03,49.07,13260000
271,V,2013-12-04,201.78,203.33,201.08,202.74,0.0,1.0,49.09,49.47,48.92,49.32,11739200
272,V,2013-12-03,199.93,202.6,199.93,201.75,0.0,1.0,48.64,49.29,48.64,49.08,17032800
273,V,2013-12-02,204.1,206.49,204.1,205.13,0.0,1.0,49.65,50.24,49.65,49.9,8762000
274,V,2013-11-29,204.51,205.07,203.46,203.46,0.0,1.0,49.75,49.89,49.5,49.5,4139200
275,V,2013-11-27,203.5,204.83,203.03,203.99,0.0,1.0,49.51,49.83,49.39,49.63,5939600
276,V,2013-11-26,202.66,203.6,201.62,203.52,0.0,1.0,49.3,49.53,49.05,49.51,11246000
277,V,2013-11-25,202.52,202.65,201.31,201.93,0.0,1.0,49.27,49.3,48.98,49.13,6742000
278,V,2013-11-22,201.7,202.34,199.84,202.12,0.0,1.0,49.07,49.23,48.62,49.17,8150800
279,V,2013-11-21,199.28,202.0,197.45,201.61,0.0,1.0,48.48,49.14,48.04,49.05,12776400
280,V,2013-11-20,197.78,200.2,197.67,198.12,0.0,1.0,48.12,48.71,48.09,48.2,10197200
281,V,2013-11-19,200.35,200.4,196.82,197.39,0.0,1.0,48.74,48.75,47.88,48.02,14462800
282,V,2013-11-18,202.0,202.71,199.27,199.9,0.0,1.0,49.14,49.32,48.48,48.63,16380800
283,V,2013-11-15,199.76,202.54,199.74,202.0,0.0,1.0,48.6,49.27,48.59,49.14,12391600
284,V,2013-11-14,199.93,200.23,198.77,200.15,0.0,1.0,48.64,48.71,48.36,48.69,10909600
285,V,2013-11-13,196.65,199.78,196.5,199.78,0.4,1.0,47.84,48.6,47.81,48.6,8181600
286,V,2013-11-12,198.81,199.18,196.85,198.27,0.0,1.0,48.27,48.36,47.79,48.14,9016400
287,V,2013-11-11,198.64,199.7,198.22,199.27,0.0,1.0,48.23,48.49,48.13,48.38,8385200
288,V,2013-11-08,195.77,198.46,195.77,198.29,0.0,1.0,47.53,48.19,47.53,48.14,11462400
289,V,2013-11-07,199.97,200.36,196.1,196.1,0.0,1.0,48.55,48.65,47.61,47.61,10832400
290,V,2013-11-06,198.74,200.19,197.39,199.02,0.0,1.0,48.25,48.61,47.93,48.32,8878800
291,V,2013-11-05,195.38,197.97,195.0,197.37,0.0,1.0,47.44,48.07,47.35,47.92,11058000
292,V,2013-11-04,199.68,200.0,196.19,196.42,0.0,1.0,48.48,48.56,47.63,47.69,11089200
293,V,2013-11-01,198.95,200.97,198.52,199.16,0.0,1.0,48.3,48.79,48.2,48.36,13233600
294,V,2013-10-31,197.04,198.9,194.26,196.67,0.0,1.0,47.84,48.29,47.17,47.75,24035200
295,V,2013-10-30,204.86,204.9,201.64,203.82,0.0,1.0,49.74,49.75,48.96,49.49,11946400
296,V,2013-10-29,203.48,205.25,203.48,204.24,0.0,1.0,49.4,49.83,49.4,49.59,8599600
297,V,2013-10-28,203.57,204.5,202.45,203.08,0.0,1.0,49.43,49.65,49.15,49.31,6854400
298,V,2013-10-25,203.74,203.9,201.52,203.06,0.0,1.0,49.47,49.51,48.93,49.3,11014400
299,V,2013-10-24,199.87,203.38,199.61,202.91,0.0,1.0,48.53,49.38,48.46,49.27,8885600
300,V,2013-10-23,198.68,199.11,197.18,198.89,0.0,1.0,48.24,48.34,47.87,48.29,7476400
301,V,2013-10-22,200.05,202.68,199.51,199.98,0.0,1.0,48.57,49.21,48.44,48.55,12202800
302,V,2013-10-21,201.05,201.68,199.26,200.04,0.0,1.0,48.81,48.97,48.38,48.57,11526000
303,V,2013-10-18,198.72,200.99,196.95,200.45,0.0,1.0,48.25,48.8,47.82,48.67,14387200
304,V,2013-10-17,195.67,198.75,195.47,198.28,0.0,1.0,47.51,48.26,47.46,48.14,12605200
305,V,2013-10-16,192.42,195.81,191.84,195.63,0.0,1.0,46.72,47.54,46.58,47.5,10382800
306,V,2013-10-15,193.03,194.42,191.37,191.37,0.0,1.0,46.87,47.2,46.46,46.46,10567600
307,V,2013-10-14,190.37,193.79,190.02,193.44,0.0,1.0,46.22,47.05,46.14,46.97,8922400
308,V,2013-10-11,188.8,192.2,187.5,192.2,0.0,1.0,45.84,46.67,45.52,46.67,11915200
309,V,2013-10-10,185.94,189.12,185.55,189.03,0.0,1.0,45.15,45.92,45.05,45.9,10865600
310,V,2013-10-09,183.4,184.7,180.11,183.85,0.0,1.0,44.53,44.84,43.73,44.64,13448000
311,V,2013-10-08,186.24,188.38,182.51,182.53,0.0,1.0,45.22,45.74,44.31,44.32,16039600
312,V,2013-10-07,187.95,187.95,186.32,186.33,0.0,1.0,45.63,45.63,45.24,45.24,11785200
313,V,2013-10-04,188.64,191.15,188.01,190.48,0.0,1.0,45.8,46.41,45.65,46.25,9365600
314,V,2013-10-03,191.99,192.11,187.74,188.65,0.0,1.0,46.61,46.64,45.58,45.8,19646000
315,V,2013-10-02,191.9,193.0,191.0,191.82,0.0,1.0,46.59,46.86,46.37,46.57,8712400
316,V,2013-10-01,191.29,193.61,190.07,193.22,0.0,1.0,46.44,47.01,46.15,46.91,9384800
317,V,2013-09-30,190.8,191.96,190.25,191.1,0.0,1.0,46.33,46.61,46.19,46.4,9561600
318,V,2013-09-27,191.99,193.71,191.81,193.05,0.0,1.0,46.61,47.03,46.57,46.87,7258400
319,V,2013-09-26,192.45,194.5,191.66,193.56,0.0,1.0,46.73,47.22,46.53,47.0,9326400
320,V,2013-09-25,193.27,194.0,190.68,191.56,0.0,1.0,46.93,47.1,46.3,46.51,10594800
321,V,2013-09-24,196.24,196.8,192.62,193.34,0.0,1.0,47.65,47.78,46.77,46.94,15296400
322,V,2013-09-23,197.96,200.86,196.0,196.24,0.0,1.0,48.06,48.77,47.59,47.65,19551600
323,V,2013-09-20,195.3,198.83,193.87,198.83,0.0,1.0,47.42,48.28,47.07,48.28,57707200
324,V,2013-09-19,194.53,198.0,194.01,194.71,0.0,1.0,47.23,48.07,47.11,47.27,14966400
325,V,2013-09-18,190.42,194.0,190.17,193.65,0.0,1.0,46.23,47.1,46.17,47.02,10474800
326,V,2013-09-17,189.32,191.9,188.56,191.6,0.0,1.0,45.97,46.59,45.78,46.52,10400800
327,V,2013-09-16,190.96,191.08,188.88,189.38,0.0,1.0,46.36,46.39,45.86,45.98,11380800
328,V,2013-09-13,185.49,189.3,185.2,189.0,0.0,1.0,45.04,45.96,44.97,45.89,16403600
329,V,2013-09-12,186.43,187.81,185.06,185.06,0.0,1.0,45.26,45.6,44.93,44.93,14212000
330,V,2013-09-11,185.0,186.53,182.91,186.31,0.0,1.0,44.92,45.29,44.41,45.24,11006000
331,V,2013-09-10,182.41,184.65,181.33,184.59,0.0,1.0,44.29,44.83,44.03,44.82,19507200
332,V,2013-09-09,177.28,178.65,177.28,178.55,0.0,1.0,43.04,43.38,43.04,43.35,10801600
333,V,2013-09-06,176.32,177.89,175.05,176.67,0.0,1.0,42.81,43.19,42.5,42.89,6697200
334,V,2013-09-05,176.13,176.7,175.23,176.21,0.0,1.0,42.76,42.9,42.55,42.78,7406800
335,V,2013-09-04,176.9,177.88,175.25,176.19,0.0,1.0,42.95,43.19,42.55,42.78,9753200
336,V,2013-09-03,176.03,178.4,175.25,177.02,0.0,1.0,42.74,43.31,42.55,42.98,12550400
337,V,2013-08-30,175.41,175.5,173.81,174.42,0.0,1.0,42.59,42.61,42.2,42.35,9886400
338,V,2013-08-29,175.11,177.28,174.79,175.37,0.0,1.0,42.52,43.04,42.44,42.58,9404800
339,V,2013-08-28,173.37,175.79,173.37,175.21,0.0,1.0,42.09,42.68,42.09,42.54,15672000
340,V,2013-08-27,172.98,175.08,172.57,174.17,0.0,1.0,42.0,42.51,41.9,42.29,12762400
341,V,2013-08-26,179.46,179.46,174.97,175.0,0.0,1.0,43.57,43.57,42.48,42.49,13789200
342,V,2013-08-23,180.4,180.59,177.62,179.1,0.0,1.0,43.8,43.85,43.13,43.48,9807200
343,V,2013-08-22,179.64,181.43,177.02,178.92,0.0,1.0,43.62,44.05,42.98,43.44,10586400
344,V,2013-08-21,173.26,181.5,172.52,178.39,0.0,1.0,42.07,44.07,41.89,43.31,30930800
345,V,2013-08-20,174.61,175.27,172.9,173.22,0.0,1.0,42.39,42.56,41.98,42.06,14135200
346,V,2013-08-19,172.33,176.89,172.21,174.98,0.0,1.0,41.84,42.95,41.81,42.48,11982000
347,V,2013-08-16,173.72,174.73,172.36,173.13,0.0,1.0,42.18,42.42,41.85,42.04,12612400
348,V,2013-08-15,177.45,177.49,173.45,173.93,0.0,1.0,43.08,43.09,42.11,42.23,17288400
349,V,2013-08-14,179.51,181.49,178.35,178.35,0.33,1.0,43.58,44.07,43.3,43.3,15338800
350,V,2013-08-13,180.5,180.64,178.68,179.23,0.0,1.0,43.74,43.78,43.3,43.44,11407200
351,V,2013-08-12,179.4,179.98,178.4,179.76,0.0,1.0,43.48,43.62,43.23,43.56,13622400
352,V,2013-08-09,180.8,181.35,179.56,179.81,0.0,1.0,43.82,43.95,43.52,43.58,10028400
353,V,2013-08-08,182.41,182.56,179.93,180.78,0.0,1.0,44.21,44.24,43.61,43.81,9626800
354,V,2013-08-07,181.41,182.0,179.9,181.39,0.0,1.0,43.96,44.11,43.6,43.96,15556400
355,V,2013-08-06,184.21,184.31,180.85,182.89,0.0,1.0,44.64,44.67,43.83,44.32,19986800
356,V,2013-08-05,184.0,185.14,182.8,184.54,0.0,1.0,44.59,44.87,44.3,44.72,11479600
357,V,2013-08-02,181.62,184.09,180.84,184.0,0.0,1.0,44.02,44.61,43.83,44.59,21698400
358,V,2013-08-01,181.76,181.76,173.28,179.17,0.0,1.0,44.05,44.05,41.99,43.42,74287200
359,V,2013-07-31,193.75,194.9,170.99,177.01,0.0,1.0,46.96,47.23,41.44,42.9,90073600
360,V,2013-07-30,192.7,193.2,191.15,191.44,0.0,1.0,46.7,46.82,46.32,46.4,13911200
361,V,2013-07-29,192.86,193.49,191.25,191.97,0.0,1.0,46.74,46.89,46.35,46.52,5776400
362,V,2013-07-26,194.0,194.6,191.83,193.2,0.0,1.0,47.02,47.16,46.49,46.82,8709200
363,V,2013-07-25,191.0,196.0,191.0,194.61,0.0,1.0,46.29,47.5,46.29,47.16,21923200
364,V,2013-07-24,189.79,189.85,185.66,186.75,0.0,1.0,46.0,46.01,44.99,45.26,13993600
365,V,2013-07-23,190.73,191.47,188.54,188.58,0.0,1.0,46.22,46.4,45.69,45.7,11710800
366,V,2013-07-22,190.21,191.31,189.25,191.22,0.0,1.0,46.1,46.36,45.86,46.34,7930400
367,V,2013-07-19,191.08,191.99,189.4,189.92,0.0,1.0,46.31,46.53,45.9,46.03,9048400
368,V,2013-07-18,190.21,191.4,189.95,191.01,0.0,1.0,46.1,46.39,46.03,46.29,5938400
369,V,2013-07-17,188.44,189.95,188.14,189.64,0.0,1.0,45.67,46.03,45.6,45.96,11118000
370,V,2013-07-16,190.19,190.73,188.7,189.38,0.0,1.0,46.09,46.22,45.73,45.9,7515200
371,V,2013-07-15,191.5,191.83,189.8,190.25,0.0,1.0,46.41,46.49,46.0,46.11,14529200
372,V,2013-07-12,189.9,190.73,189.15,190.72,0.0,1.0,46.02,46.22,45.84,46.22,7782800
373,V,2013-07-11,189.34,190.06,187.52,189.96,0.0,1.0,45.89,46.06,45.45,46.04,14235200
374,V,2013-07-10,187.35,187.81,185.81,186.7,0.0,1.0,45.4,45.52,45.03,45.25,15523200
375,V,2013-07-09,188.95,189.53,186.6,187.2,0.0,1.0,45.79,45.93,45.22,45.37,23330400
376,V,2013-07-08,191.6,192.77,188.06,188.1,0.0,1.0,46.43,46.72,45.58,45.59,19588000
377,V,2013-07-05,188.87,190.86,187.5,190.79,0.0,1.0,45.77,46.25,45.44,46.24,8495600
378,V,2013-07-03,184.18,187.44,183.93,187.04,0.0,1.0,44.64,45.43,44.58,45.33,4533200
379,V,2013-07-02,185.08,187.04,184.26,185.24,0.0,1.0,44.85,45.33,44.66,44.89,8749200
380,V,2013-07-01,183.9,187.46,183.63,185.22,0.0,1.0,44.57,45.43,44.5,44.89,11616000
381,V,2013-06-28,184.26,184.72,182.22,182.75,0.0,1.0,44.66,44.77,44.16,44.29,12656400
382,V,2013-06-27,183.44,185.0,182.5,184.26,0.0,1.0,44.46,44.83,44.23,44.66,11102400
383,V,2013-06-26,181.89,183.14,180.48,182.65,0.0,1.0,44.08,44.38,43.74,44.26,10392800
384,V,2013-06-25,179.8,181.38,178.5,180.47,0.0,1.0,43.57,43.96,43.26,43.74,12721600
385,V,2013-06-24,178.11,179.48,175.68,178.27,0.0,1.0,43.16,43.5,42.58,43.2,15527600
386,V,2013-06-21,180.0,181.5,178.8,179.5,0.0,1.0,43.62,43.99,43.33,43.5,17923200
387,V,2013-06-20,181.53,182.48,178.46,178.46,0.0,1.0,43.99,44.22,43.25,43.25,15534000
388,V,2013-06-19,184.25,185.13,182.53,182.63,0.0,1.0,44.65,44.87,44.24,44.26,12220800
389,V,2013-06-18,181.72,185.23,181.72,184.01,0.0,1.0,44.04,44.89,44.04,44.59,7579200
390,V,2013-06-17,182.32,183.72,181.5,182.35,0.0,1.0,44.18,44.52,43.99,44.19,14779200
391,V,2013-06-14,182.05,182.48,180.11,180.93,0.0,1.0,44.12,44.22,43.65,43.85,7427200
392,V,2013-06-13,179.15,182.76,178.71,182.25,0.0,1.0,43.42,44.29,43.31,44.17,9760400
393,V,2013-06-12,180.64,180.64,178.71,179.15,0.0,1.0,43.78,43.78,43.31,43.42,9994800
394,V,2013-06-11,180.55,181.95,179.56,179.66,0.0,1.0,43.76,44.1,43.52,43.54,7856400
395,V,2013-06-10,180.54,183.14,179.63,182.33,0.0,1.0,43.75,44.38,43.53,44.19,13779200
396,V,2013-06-07,180.65,181.0,179.55,179.94,0.0,1.0,43.78,43.87,43.51,43.61,13899200
397,V,2013-06-06,176.69,179.42,176.4,179.35,0.0,1.0,42.82,43.48,42.75,43.47,14664800
398,V,2013-06-05,179.87,180.19,176.86,177.22,0.0,1.0,43.59,43.67,42.86,42.95,12176800
399,V,2013-06-04,179.4,181.75,178.7,180.2,0.0,1.0,43.48,44.05,43.31,43.67,13528400
400,V,2013-06-03,178.75,180.68,177.51,180.19,0.0,1.0,43.32,43.79,43.02,43.67,15232400
401,V,2013-05-31,180.57,181.4,178.1,178.14,0.0,1.0,43.76,43.96,43.16,43.17,12514400
402,V,2013-05-30,178.34,181.99,178.34,181.03,0.0,1.0,43.22,44.11,43.22,43.87,9628000
403,V,2013-05-29,179.22,180.2,178.07,178.14,0.0,1.0,43.43,43.67,43.15,43.17,7490400
404,V,2013-05-28,182.44,182.54,179.67,180.03,0.0,1.0,44.21,44.24,43.54,43.63,9937200
405,V,2013-05-24,177.88,181.1,176.9,180.45,0.0,1.0,43.11,43.89,42.87,43.73,12306400
406,V,2013-05-23,178.38,179.51,177.11,178.1,0.0,1.0,43.23,43.5,42.92,43.16,16906000
407,V,2013-05-22,182.08,184.42,180.1,180.14,0.0,1.0,44.13,44.69,43.65,43.66,19563200
408,V,2013-05-21,181.54,182.69,180.39,181.55,0.0,1.0,44.0,44.27,43.72,44.0,13422800
409,V,2013-05-20,183.91,184.9,180.8,181.61,0.0,1.0,44.57,44.81,43.82,44.01,21192000
410,V,2013-05-17,180.88,184.58,180.52,184.57,0.0,1.0,43.84,44.73,43.75,44.73,13248800
411,V,2013-05-16,181.74,181.74,179.78,179.8,0.0,1.0,44.04,44.04,43.57,43.57,9913600
412,V,2013-05-15,179.99,181.8,179.67,181.76,0.33,1.0,43.62,44.06,43.54,44.05,13624400
413,V,2013-05-14,178.98,181.49,178.64,180.32,0.0,1.0,43.3,43.9,43.21,43.62,16074800
414,V,2013-05-13,178.58,180.44,178.13,178.93,0.0,1.0,43.2,43.65,43.09,43.28,12480000
415,V,2013-05-10,178.68,179.02,177.55,178.75,0.0,1.0,43.22,43.31,42.95,43.24,13837600
416,V,2013-05-09,179.23,179.88,178.23,178.58,0.0,1.0,43.36,43.51,43.12,43.2,11501200
417,V,2013-05-08,179.46,179.5,177.7,179.26,0.0,1.0,43.41,43.42,42.99,43.36,14449200
418,V,2013-05-07,179.49,179.86,177.22,179.79,0.0,1.0,43.42,43.51,42.87,43.49,11876400
419,V,2013-05-06,179.34,180.77,178.12,178.89,0.0,1.0,43.38,43.73,43.09,43.28,13084000
420,V,2013-05-03,176.96,180.84,176.43,179.54,0.0,1.0,42.81,43.75,42.68,43.43,15026400
421,V,2013-05-02,170.0,179.66,170.0,175.4,0.0,1.0,41.12,43.46,41.12,42.43,30677200
422,V,2013-05-01,166.99,168.26,163.6,166.02,0.0,1.0,40.4,40.7,39.58,40.16,12252400
423,V,2013-04-30,168.59,169.9,168.04,168.46,0.0,1.0,40.78,41.1,40.65,40.75,12161600
424,V,2013-04-29,167.73,168.5,167.16,167.9,0.0,1.0,40.58,40.76,40.44,40.62,10694400
425,V,2013-04-26,168.76,169.6,167.14,167.23,0.0,1.0,40.82,41.03,40.43,40.45,6127200
426,V,2013-04-25,167.91,170.48,167.44,168.76,0.0,1.0,40.62,41.24,40.51,40.82,9322800
427,V,2013-04-24,165.66,167.57,165.6,167.06,0.0,1.0,40.07,40.54,40.06,40.41,7447200
428,V,2013-04-23,164.27,165.68,163.53,165.66,0.0,1.0,39.74,40.08,39.56,40.07,6324000
429,V,2013-04-22,163.57,164.35,162.49,163.53,0.0,1.0,39.57,39.76,39.31,39.56,5403600
430,V,2013-04-19,162.08,164.11,161.75,163.96,0.0,1.0,39.21,39.7,39.13,39.66,7620400
431,V,2013-04-18,162.59,163.39,161.27,161.41,0.0,1.0,39.33,39.53,39.01,39.05,21010800
432,V,2013-04-17,163.74,164.03,161.94,162.23,0.0,1.0,39.61,39.68,39.17,39.24,9543600
433,V,2013-04-16,162.65,164.8,162.5,164.71,0.0,1.0,39.35,39.87,39.31,39.84,10092000
434,V,2013-04-15,164.62,164.88,161.29,161.29,0.0,1.0,39.82,39.89,39.02,39.02,10774000
435,V,2013-04-12,165.91,166.83,165.1,165.75,0.0,1.0,40.14,40.36,39.94,40.1,7076800
436,V,2013-04-11,167.0,167.9,166.22,167.62,0.0,1.0,40.4,40.62,40.21,40.55,6590000
437,V,2013-04-10,164.97,167.3,164.97,166.99,0.0,1.0,39.91,40.47,39.91,40.4,8996400
438,V,2013-04-09,166.83,166.88,164.01,164.75,0.0,1.0,40.36,40.37,39.68,39.85,6004400
439,V,2013-04-08,165.64,166.37,164.48,166.29,0.0,1.0,40.07,40.25,39.79,40.23,6125600
440,V,2013-04-05,164.21,165.42,163.59,165.16,0.0,1.0,39.72,40.02,39.57,39.95,7962400
441,V,2013-04-04,165.42,166.53,165.01,166.48,0.0,1.0,40.02,40.29,39.92,40.27,8903600
442,V,2013-04-03,168.42,168.53,164.28,164.75,0.0,1.0,40.74,40.77,39.74,39.85,16624800
443,V,2013-04-02,168.42,168.9,167.31,167.95,0.0,1.0,40.74,40.86,40.47,40.63,9582000
444,V,2013-04-01,169.75,170.99,166.9,167.35,0.0,1.0,41.06,41.36,40.37,40.48,13235200
445,V,2013-03-28,168.75,170.96,168.13,169.84,0.0,1.0,40.82,41.36,40.67,41.09,12456400
446,V,2013-03-27,166.61,169.23,165.51,168.66,0.0,1.0,40.3,40.94,40.04,40.8,13371200
447,V,2013-03-26,164.9,167.78,164.54,167.46,0.0,1.0,39.89,40.59,39.8,40.51,17264800
448,V,2013-03-25,160.75,164.28,160.5,164.0,0.0,1.0,38.89,39.74,38.83,39.67,19336800
449,V,2013-03-22,158.21,160.16,157.72,160.09,0.0,1.0,38.27,38.74,38.15,38.73,18790400
450,V,2013-03-21,158.45,159.73,157.8,157.8,0.0,1.0,38.33,38.64,38.17,38.17,14883200
451,V,2013-03-20,157.0,159.97,156.72,159.33,0.0,1.0,37.98,38.7,37.91,38.54,16070400
452,V,2013-03-19,158.0,159.35,155.68,156.0,0.0,1.0,38.22,38.55,37.66,37.74,17652400
453,V,2013-03-18,157.28,159.18,156.4,158.07,0.0,1.0,38.05,38.51,37.83,38.24,15162800
454,V,2013-03-15,160.03,160.64,158.53,158.55,0.0,1.0,38.71,38.86,38.35,38.35,17599600
455,V,2013-03-14,159.4,161.07,159.3,160.66,0.0,1.0,38.56,38.96,38.54,38.87,14853600
456,V,2013-03-13,159.5,160.4,158.85,159.37,0.0,1.0,38.58,38.8,38.43,38.55,11021600
457,V,2013-03-12,160.68,160.97,159.03,159.8,0.0,1.0,38.87,38.94,38.47,38.66,8340800
458,V,2013-03-11,161.37,161.6,160.41,161.18,0.0,1.0,39.04,39.09,38.8,38.99,6742000
459,V,2013-03-08,161.34,161.4,159.89,160.67,0.0,1.0,39.03,39.04,38.68,38.87,9571600
460,V,2013-03-07,160.87,161.78,159.65,160.51,0.0,1.0,38.92,39.14,38.62,38.83,8687200
461,V,2013-03-06,160.86,161.7,160.2,161.06,0.0,1.0,38.91,39.12,38.75,38.96,7516000
462,V,2013-03-05,160.09,161.78,159.86,160.29,0.0,1.0,38.73,39.14,38.67,38.78,10267600
463,V,2013-03-04,157.76,159.54,157.55,159.5,0.0,1.0,38.16,38.59,38.11,38.58,6570000
464,V,2013-03-01,157.93,158.86,156.65,158.08,0.0,1.0,38.2,38.43,37.9,38.24,13212000
465,V,2013-02-28,160.34,160.34,158.31,158.64,0.0,1.0,38.79,38.79,38.3,38.38,11228000
466,V,2013-02-27,157.45,160.1,157.3,159.87,0.0,1.0,38.09,38.73,38.05,38.67,8318000
467,V,2013-02-26,156.01,158.59,156.01,157.83,0.0,1.0,37.74,38.36,37.74,38.18,11354000
468,V,2013-02-25,159.2,160.35,155.89,155.89,0.0,1.0,38.51,38.79,37.71,37.71,11183200
469,V,2013-02-22,158.3,159.58,156.69,159.43,0.0,1.0,38.29,38.6,37.9,38.57,11738000
470,V,2013-02-21,155.12,158.29,154.79,157.44,0.0,1.0,37.52,38.29,37.45,38.09,14220800
471,V,2013-02-20,157.12,157.61,155.19,155.42,0.0,1.0,38.01,38.13,37.54,37.6,15688800
472,V,2013-02-19,158.01,158.79,156.66,157.61,0.0,1.0,38.22,38.41,37.9,38.13,13210000
473,V,2013-02-15,156.35,158.08,155.74,157.99,0.0,1.0,37.82,38.24,37.67,38.22,17884400
474,V,2013-02-14,154.6,156.65,154.3,155.98,0.0,1.0,37.4,37.9,37.33,37.73,12760000
475,V,2013-02-13,156.45,157.39,154.14,154.77,0.33,1.0,37.85,38.07,37.29,37.44,13917600
476,V,2013-02-12,156.84,157.7,156.42,156.8,0.0,1.0,37.86,38.07,37.76,37.85,9805600
477,V,2013-02-11,157.58,158.17,155.94,156.33,0.0,1.0,38.04,38.18,37.64,37.74,11032400
478,V,2013-02-08,157.4,158.94,157.1,157.8,0.0,1.0,38.0,38.37,37.92,38.09,12914000
479,V,2013-02-07,158.98,159.79,156.96,157.06,0.0,1.0,38.38,38.57,37.89,37.91,20182800
480,V,2013-02-06,159.22,160.88,158.62,160.82,0.0,1.0,38.43,38.84,38.29,38.82,15056800
481,V,2013-02-05,157.62,159.6,156.8,159.53,0.0,1.0,38.05,38.53,37.85,38.51,11105200
482,V,2013-02-04,157.77,158.4,156.56,156.65,0.0,1.0,38.08,38.24,37.79,37.81,10532000
483,V,2013-02-01,159.0,159.48,157.35,158.56,0.0,1.0,38.38,38.5,37.98,38.28,12738400
484,V,2013-01-31,159.0,159.5,156.35,157.91,0.0,1.0,38.38,38.5,37.74,38.12,16685600
485,V,2013-01-30,156.99,159.09,154.75,155.01,0.0,1.0,37.9,38.4,37.36,37.42,18708000
486,V,2013-01-29,155.74,157.09,155.12,156.66,0.0,1.0,37.59,37.92,37.45,37.82,11664000
487,V,2013-01-28,160.28,160.58,156.3,156.35,0.0,1.0,38.69,38.76,37.73,37.74,13532000
488,V,2013-01-25,159.92,160.14,159.03,159.84,0.0,1.0,38.6,38.66,38.39,38.58,6701600
489,V,2013-01-24,159.3,160.17,158.9,159.56,0.0,1.0,38.45,38.66,38.36,38.52,6794000
490,V,2013-01-23,158.29,159.96,158.08,159.05,0.0,1.0,38.21,38.61,38.16,38.39,7108800
491,V,2013-01-22,158.68,159.68,157.78,159.05,0.0,1.0,38.3,38.55,38.09,38.39,6918000
492,V,2013-01-18,158.52,158.53,156.5,158.27,0.0,1.0,38.27,38.27,37.78,38.21,13812400
493,V,2013-01-17,161.0,161.09,159.61,159.88,0.0,1.0,38.86,38.89,38.53,38.59,7833600
494,V,2013-01-16,160.11,160.78,159.31,160.2,0.0,1.0,38.65,38.81,38.46,38.67,5464400
495,V,2013-01-15,159.82,160.65,159.08,160.45,0.0,1.0,38.58,38.78,38.4,38.73,6696000
496,V,2013-01-14,161.28,161.81,159.55,160.65,0.0,1.0,38.93,39.06,38.51,38.78,8877600
497,V,2013-01-11,159.78,161.25,159.5,161.16,0.0,1.0,38.57,38.92,38.5,38.9,9578000
498,V,2013-01-10,162.03,162.77,159.27,160.51,0.0,1.0,39.11,39.29,38.45,38.75,16313600
499,V,2013-01-09,161.4,162.55,159.71,161.79,0.0,1.0,38.96,39.24,38.55,39.06,17552800
500,V,2013-01-08,157.65,159.36,157.01,159.36,0.0,1.0,38.06,38.47,37.9,38.47,11800400
501,V,2013-01-07,156.94,158.77,156.8,157.89,0.0,1.0,37.88,38.33,37.85,38.11,10242400
502,V,2013-01-04,155.6,157.19,154.78,156.77,0.0,1.0,37.56,37.94,37.36,37.84,10376000
503,V,2013-01-03,157.11,158.08,154.82,155.5,0.0,1.0,37.93,38.16,37.37,37.54,14937200
504,V,2013-01-02,154.16,155.94,153.93,155.38,0.0,1.0,37.21,37.64,37.16,37.51,15826400
505,V,2012-12-31,148.35,151.61,148.35,151.58,0.0,1.0,35.81,36.6,35.81,36.59,12868000
506,V,2012-12-28,148.46,149.93,148.25,148.65,0.0,1.0,35.84,36.19,35.79,35.88,6973600
507,V,2012-12-27,149.69,150.65,147.9,149.4,0.0,1.0,36.13,36.37,35.7,36.06,11976800
508,V,2012-12-26,151.28,151.29,149.2,149.76,0.0,1.0,36.52,36.52,36.02,36.15,7614400
509,V,2012-12-24,150.23,151.62,150.23,151.18,0.0,1.0,36.26,36.6,36.26,36.49,3272000
510,V,2012-12-21,150.97,151.98,149.96,150.77,0.0,1.0,36.44,36.69,36.2,36.4,13930400
511,V,2012-12-20,149.88,152.51,149.32,152.46,0.0,1.0,36.18,36.82,36.05,36.8,10863200
512,V,2012-12-19,150.8,150.84,149.15,149.16,0.0,1.0,36.4,36.41,36.0,36.01,8640400
513,V,2012-12-18,149.01,151.55,148.7,150.72,0.0,1.0,35.97,36.58,35.9,36.38,11869600
514,V,2012-12-17,146.97,149.13,146.9,149.13,0.0,1.0,35.48,36.0,35.46,36.0,13903200
515,V,2012-12-14,146.88,147.69,146.25,146.82,0.0,1.0,35.46,35.65,35.3,35.44,9579200
516,V,2012-12-13,148.11,149.1,146.89,147.2,0.0,1.0,35.75,35.99,35.46,35.53,13042800
517,V,2012-12-12,149.69,149.8,147.83,147.88,0.0,1.0,36.13,36.16,35.69,35.7,18319600
518,V,2012-12-11,148.4,150.33,148.4,148.9,0.0,1.0,35.82,36.29,35.82,35.94,14492800
519,V,2012-12-10,148.75,149.27,148.27,148.66,0.0,1.0,35.91,36.03,35.79,35.89,9288800
520,V,2012-12-07,149.12,149.28,147.79,148.55,0.0,1.0,36.0,36.04,35.68,35.86,7557200
521,V,2012-12-06,148.45,148.9,147.06,148.47,0.0,1.0,35.84,35.94,35.5,35.84,9124000
522,V,2012-12-05,148.51,148.51,146.1,148.06,0.0,1.0,35.85,35.85,35.27,35.74,11971200
523,V,2012-12-04,148.98,149.25,147.2,147.59,0.0,1.0,35.96,36.03,35.53,35.63,9100800
524,V,2012-12-03,150.0,150.72,148.44,148.64,0.0,1.0,36.21,36.38,35.83,35.88,11736800
525,V,2012-11-30,148.32,149.93,148.01,149.71,0.0,1.0,35.8,36.19,35.73,36.14,14048000
526,V,2012-11-29,147.93,148.33,147.24,148.18,0.0,1.0,35.71,35.81,35.54,35.77,12572800
527,V,2012-11-28,146.03,147.35,145.89,147.29,0.0,1.0,35.25,35.57,35.22,35.56,10358400
528,V,2012-11-27,147.12,147.84,146.33,146.78,0.0,1.0,35.51,35.69,35.32,35.43,9981600
529,V,2012-11-26,147.61,147.61,146.42,147.25,0.0,1.0,35.63,35.63,35.34,35.55,8623600
530,V,2012-11-23,147.3,148.12,146.4,148.12,0.0,1.0,35.56,35.76,35.34,35.76,4454400
531,V,2012-11-21,146.22,146.9,145.74,146.66,0.0,1.0,35.3,35.46,35.18,35.4,6565200
532,V,2012-11-20,145.54,147.38,145.16,146.34,0.0,1.0,35.13,35.58,35.04,35.33,9566400
533,V,2012-11-19,144.0,145.66,143.66,145.65,0.0,1.0,34.76,35.16,34.68,35.16,15120400
534,V,2012-11-16,140.02,143.55,140.02,142.71,0.0,1.0,33.8,34.65,33.8,34.45,16632400
535,V,2012-11-15,140.0,140.48,138.53,140.0,0.0,1.0,33.8,33.91,33.44,33.8,13717600
536,V,2012-11-14,142.6,143.23,139.65,139.95,0.33,1.0,34.42,34.57,33.71,33.78,13608000
537,V,2012-11-13,142.6,144.79,142.45,142.45,0.0,1.0,34.34,34.87,34.31,34.31,10149200
538,V,2012-11-12,142.02,143.78,142.02,143.24,0.0,1.0,34.2,34.63,34.2,34.5,8943600
539,V,2012-11-09,140.92,143.81,140.28,142.93,0.0,1.0,33.94,34.63,33.78,34.42,11799600
540,V,2012-11-08,142.15,143.25,141.88,142.06,0.0,1.0,34.23,34.5,34.17,34.21,10133200
541,V,2012-11-07,142.54,143.59,141.53,142.56,0.0,1.0,34.33,34.58,34.08,34.33,10431600
542,V,2012-11-06,142.48,144.84,141.9,143.86,0.0,1.0,34.31,34.88,34.17,34.65,9089200
543,V,2012-11-05,142.75,143.89,141.22,141.5,0.0,1.0,34.38,34.65,34.01,34.08,13864000
544,V,2012-11-02,144.06,146.41,143.4,143.4,0.0,1.0,34.69,35.26,34.53,34.53,18498000
545,V,2012-11-01,140.82,144.36,140.3,143.88,0.0,1.0,33.91,34.77,33.79,34.65,21310000
546,V,2012-10-31,137.6,139.97,137.4,138.76,0.0,1.0,33.14,33.71,33.09,33.42,14271200
547,V,2012-10-26,137.83,138.89,136.87,138.31,0.0,1.0,33.19,33.45,32.96,33.31,12148800
548,V,2012-10-25,137.83,138.7,136.52,137.55,0.0,1.0,33.19,33.4,32.88,33.13,15875600
549,V,2012-10-24,137.5,138.37,136.44,136.49,0.0,1.0,33.11,33.32,32.86,32.87,11478000
550,V,2012-10-23,137.95,137.98,135.93,136.64,0.0,1.0,33.22,33.23,32.74,32.91,11923200
551,V,2012-10-22,139.81,140.05,138.03,139.0,0.0,1.0,33.67,33.73,33.24,33.47,9782800
552,V,2012-10-19,142.31,142.36,139.76,139.97,0.0,1.0,34.27,34.28,33.66,33.71,10134400
553,V,2012-10-18,142.36,143.1,141.13,141.88,0.0,1.0,34.28,34.46,33.99,34.17,11241600
554,V,2012-10-17,141.16,142.77,140.8,142.56,0.0,1.0,34.0,34.38,33.91,34.33,10126000
555,V,2012-10-16,140.2,141.77,140.02,141.16,0.0,1.0,33.76,34.14,33.72,34.0,8324400
556,V,2012-10-15,139.36,140.24,138.6,139.89,0.0,1.0,33.56,33.77,33.38,33.69,9694400
557,V,2012-10-12,139.37,139.99,138.43,139.12,0.0,1.0,33.56,33.71,33.34,33.5,8116000
558,V,2012-10-11,138.2,139.83,138.19,139.05,0.0,1.0,33.28,33.67,33.28,33.49,14057600
559,V,2012-10-10,136.63,137.98,136.32,137.42,0.0,1.0,32.9,33.23,32.83,33.09,8050400
560,V,2012-10-09,139.17,139.38,136.72,136.74,0.0,1.0,33.52,33.57,32.93,32.93,9978000
561,V,2012-10-08,139.0,139.5,138.56,138.71,0.0,1.0,33.47,33.6,33.37,33.41,6803600
562,V,2012-10-05,140.74,141.59,139.5,140.26,0.0,1.0,33.89,34.1,33.6,33.78,11280800
563,V,2012-10-04,138.8,139.82,138.2,139.67,0.0,1.0,33.43,33.67,33.28,33.64,8475600
564,V,2012-10-03,136.65,138.6,135.99,138.52,0.0,1.0,32.91,33.38,32.75,33.36,11717600
565,V,2012-10-02,136.59,137.1,135.48,136.0,0.0,1.0,32.89,33.02,32.63,32.75,10041600
566,V,2012-10-01,134.87,137.9,134.87,136.73,0.0,1.0,32.48,33.21,32.48,32.93,14700800
567,V,2012-09-28,133.98,134.62,133.24,134.28,0.0,1.0,32.27,32.42,32.09,32.34,9431600
568,V,2012-09-27,132.71,134.24,132.52,133.91,0.0,1.0,31.96,32.33,31.91,32.25,8432800
569,V,2012-09-26,134.14,134.56,132.38,132.52,0.0,1.0,32.3,32.41,31.88,31.91,10637200
570,V,2012-09-25,133.84,135.4,133.62,134.56,0.0,1.0,32.23,32.61,32.18,32.41,15398400
571,V,2012-09-24,134.11,134.97,133.51,133.74,0.0,1.0,32.3,32.5,32.15,32.21,10530000
572,V,2012-09-21,135.3,135.95,134.9,135.0,0.0,1.0,32.58,32.74,32.49,32.51,29225600
573,V,2012-09-20,134.29,134.84,133.47,134.61,0.0,1.0,32.34,32.47,32.14,32.42,12779600
574,V,2012-09-19,133.87,135.52,133.73,134.79,0.0,1.0,32.24,32.64,32.21,32.46,11976800
575,V,2012-09-18,133.09,133.85,132.53,133.66,0.0,1.0,32.05,32.23,31.92,32.19,13192400
576,V,2012-09-17,134.46,134.85,133.62,133.87,0.0,1.0,32.38,32.48,32.18,32.24,10649200
577,V,2012-09-14,135.25,135.3,133.75,134.25,0.0,1.0,32.57,32.58,32.21,32.33,13289600
578,V,2012-09-13,132.95,136.65,132.58,134.98,0.0,1.0,32.02,32.91,31.93,32.51,15745200
579,V,2012-09-12,131.65,133.48,131.58,133.46,0.0,1.0,31.7,32.15,31.69,32.14,14656000
580,V,2012-09-11,128.88,132.44,128.81,131.49,0.0,1.0,31.04,31.89,31.02,31.67,15890400
581,V,2012-09-10,128.42,129.88,128.42,128.68,0.0,1.0,30.93,31.28,30.93,30.99,11633600
582,V,2012-09-07,129.51,129.96,128.67,129.71,0.0,1.0,31.19,31.3,30.99,31.24,10789200
583,V,2012-09-06,128.18,129.5,127.8,129.5,0.0,1.0,30.87,31.19,30.78,31.19,15698400
584,V,2012-09-05,128.86,129.0,126.95,127.61,0.0,1.0,31.03,31.07,30.57,30.73,12698800
585,V,2012-09-04,128.36,129.15,127.62,128.52,0.0,1.0,30.91,31.1,30.73,30.95,10200800
586,V,2012-08-31,127.51,128.37,126.26,128.25,0.0,1.0,30.71,30.91,30.41,30.89,13784000
587,V,2012-08-30,127.1,127.1,126.18,126.7,0.0,1.0,30.61,30.61,30.39,30.51,8573600
588,V,2012-08-29,127.55,128.05,126.72,128.02,0.0,1.0,30.72,30.84,30.52,30.83,8583600
589,V,2012-08-28,127.86,128.24,127.22,127.4,0.0,1.0,30.79,30.88,30.64,30.68,7862800
590,V,2012-08-27,127.29,128.14,127.04,127.66,0.0,1.0,30.65,30.86,30.59,30.74,8820400
591,V,2012-08-24,126.59,127.02,125.81,126.66,0.0,1.0,30.49,30.59,30.3,30.5,10650800
592,V,2012-08-23,127.93,128.5,126.75,127.15,0.0,1.0,30.81,30.95,30.52,30.62,7000000
593,V,2012-08-22,126.87,128.5,126.52,128.1,0.0,1.0,30.55,30.95,30.47,30.85,8866000
594,V,2012-08-21,128.71,129.25,127.0,127.52,0.0,1.0,31.0,31.13,30.58,30.71,7605200
595,V,2012-08-20,128.61,128.72,128.0,128.16,0.0,1.0,30.97,31.0,30.83,30.86,8674400
596,V,2012-08-17,129.99,130.04,128.28,128.69,0.0,1.0,31.31,31.32,30.89,30.99,9582400
597,V,2012-08-16,128.7,129.94,128.7,129.68,0.0,1.0,30.99,31.29,30.99,31.23,9121200
598,V,2012-08-15,129.18,130.3,128.59,129.06,0.22,1.0,31.11,31.38,30.97,31.08,7735600
599,V,2012-08-14,129.12,130.18,128.54,129.89,0.0,1.0,31.04,31.3,30.9,31.23,8732400
600,V,2012-08-13,128.64,129.0,127.4,128.32,0.0,1.0,30.93,31.01,30.63,30.85,6454000
601,V,2012-08-10,128.19,129.29,128.0,129.09,0.0,1.0,30.82,31.08,30.77,31.04,5984800
602,V,2012-08-09,130.88,130.97,127.75,128.51,0.0,1.0,31.47,31.49,30.71,30.9,14203600
603,V,2012-08-08,130.78,131.52,130.4,131.15,0.0,1.0,31.44,31.62,31.35,31.53,7962800
604,V,2012-08-07,130.83,131.43,129.34,130.4,0.0,1.0,31.45,31.6,31.1,31.35,13179200
605,V,2012-08-06,131.0,132.58,130.62,131.03,0.0,1.0,31.49,31.87,31.4,31.5,9227600
606,V,2012-08-03,130.36,131.54,128.86,130.98,0.0,1.0,31.34,31.62,30.98,31.49,12934400
607,V,2012-08-02,126.8,129.29,126.19,129.27,0.0,1.0,30.48,31.08,30.34,31.08,11112400
608,V,2012-08-01,128.5,129.41,127.0,127.46,0.0,1.0,30.89,31.11,30.53,30.64,11612000
609,V,2012-07-31,130.43,130.68,128.5,129.07,0.0,1.0,31.36,31.42,30.89,31.03,8961600
610,V,2012-07-30,128.85,132.35,128.71,130.84,0.0,1.0,30.98,31.82,30.94,31.46,12652800
611,V,2012-07-27,126.93,129.5,125.7,129.14,0.0,1.0,30.52,31.13,30.22,31.05,13937600
612,V,2012-07-26,124.97,128.19,124.2,126.77,0.0,1.0,30.04,30.82,29.86,30.48,21036000
613,V,2012-07-25,123.38,124.09,121.54,122.2,0.0,1.0,29.66,29.83,29.22,29.38,15305200
614,V,2012-07-24,124.5,124.76,121.28,122.65,0.0,1.0,29.93,29.99,29.16,29.49,13504000
615,V,2012-07-23,124.05,125.06,123.25,124.47,0.0,1.0,29.82,30.07,29.63,29.92,11391200
616,V,2012-07-20,124.61,126.18,123.65,125.75,0.0,1.0,29.96,30.34,29.73,30.23,11816800
617,V,2012-07-19,128.3,128.63,125.33,125.39,0.0,1.0,30.85,30.92,30.13,30.15,13832400
618,V,2012-07-18,127.5,128.8,127.4,127.82,0.0,1.0,30.65,30.97,30.63,30.73,11903600
619,V,2012-07-17,128.13,128.24,126.04,128.23,0.0,1.0,30.8,30.83,30.3,30.83,10766800
620,V,2012-07-16,128.2,131.0,125.87,127.15,0.0,1.0,30.82,31.49,30.26,30.57,30607600
621,V,2012-07-13,122.5,124.64,122.15,124.09,0.0,1.0,29.45,29.97,29.37,29.83,12112800
622,V,2012-07-12,119.11,123.43,119.1,122.64,0.0,1.0,28.64,29.67,28.63,29.48,15067600
623,V,2012-07-11,121.91,122.25,119.58,120.74,0.0,1.0,29.31,29.39,28.75,29.03,11644000
624,V,2012-07-10,124.33,124.75,121.81,122.28,0.0,1.0,29.89,29.99,29.29,29.4,18204000
625,V,2012-07-09,123.15,124.05,121.04,123.65,0.0,1.0,29.61,29.82,29.1,29.73,17684000
626,V,2012-07-06,126.08,126.73,124.78,125.28,0.0,1.0,30.31,30.47,30.0,30.12,9631200
627,V,2012-07-05,125.74,127.47,125.67,127.01,0.0,1.0,30.23,30.65,30.21,30.54,11298000
628,V,2012-07-03,126.49,127.0,125.66,126.34,0.0,1.0,30.41,30.53,30.21,30.37,6364400
629,V,2012-07-02,124.26,126.8,124.0,126.62,0.0,1.0,29.87,30.48,29.81,30.44,17042400
630,V,2012-06-29,123.26,124.04,121.53,123.63,0.0,1.0,29.63,29.82,29.22,29.72,15931200
631,V,2012-06-28,123.0,123.41,119.57,121.52,0.0,1.0,29.57,29.67,28.75,29.22,11514800
632,V,2012-06-27,123.36,124.12,122.53,123.44,0.0,1.0,29.66,29.84,29.46,29.68,13768400
633,V,2012-06-26,121.76,123.92,121.67,123.16,0.0,1.0,29.27,29.79,29.25,29.61,13128800
634,V,2012-06-25,122.86,123.29,121.15,121.27,0.0,1.0,29.54,29.64,29.13,29.16,16164000
635,V,2012-06-22,120.25,124.95,119.33,124.95,0.0,1.0,28.91,30.04,28.69,30.04,37216000
636,V,2012-06-21,122.58,122.87,119.31,119.48,0.0,1.0,29.47,29.54,28.68,28.73,13061200
637,V,2012-06-20,121.1,122.59,121.03,122.59,0.0,1.0,29.11,29.47,29.1,29.47,12702800
638,V,2012-06-19,120.86,121.6,120.5,121.35,0.0,1.0,29.06,29.23,28.97,29.17,10270400
639,V,2012-06-18,118.01,120.48,117.46,120.1,0.0,1.0,28.37,28.97,28.24,28.87,10931600
640,V,2012-06-15,117.37,118.5,116.93,118.4,0.0,1.0,28.22,28.49,28.11,28.47,12551600
641,V,2012-06-14,115.26,117.01,114.26,116.49,0.0,1.0,27.71,28.13,27.47,28.01,13152800
642,V,2012-06-13,115.8,116.97,114.65,114.9,0.0,1.0,27.84,28.12,27.56,27.62,14891200
643,V,2012-06-12,116.41,117.16,115.72,117.16,0.0,1.0,27.99,28.17,27.82,28.17,10398800
644,V,2012-06-11,117.27,117.93,116.22,116.35,0.0,1.0,28.19,28.35,27.94,27.97,10942800
645,V,2012-06-08,116.39,116.6,115.45,116.58,0.0,1.0,27.98,28.03,27.76,28.03,10376800
646,V,2012-06-07,117.83,118.0,116.55,116.81,0.0,1.0,28.33,28.37,28.02,28.08,9158000
647,V,2012-06-06,114.97,116.5,114.83,116.34,0.0,1.0,27.64,28.01,27.61,27.97,12384000
648,V,2012-06-05,113.76,114.53,113.14,113.81,0.0,1.0,27.35,27.53,27.2,27.36,11374800
649,V,2012-06-04,112.03,114.44,112.02,114.16,0.0,1.0,26.93,27.51,26.93,27.45,16646400
650,V,2012-06-01,113.64,114.89,111.94,112.25,0.0,1.0,27.32,27.62,26.91,26.99,18650400
651,V,2012-05-31,117.75,118.36,114.72,115.2,0.0,1.0,28.31,28.46,27.58,27.7,21004000
652,V,2012-05-30,118.71,119.74,117.46,117.49,0.0,1.0,28.54,28.79,28.24,28.25,18346400
653,V,2012-05-29,120.15,120.95,119.0,120.28,0.0,1.0,28.89,29.08,28.61,28.92,18006400
654,V,2012-05-25,119.39,120.4,118.95,119.37,0.0,1.0,28.7,28.95,28.6,28.7,11780000
655,V,2012-05-24,119.72,121.0,118.77,119.77,0.0,1.0,28.78,29.09,28.55,28.79,12749600
656,V,2012-05-23,117.62,119.46,117.39,119.17,0.0,1.0,28.28,28.72,28.22,28.65,16558000
657,V,2012-05-22,116.41,119.25,116.41,118.39,0.0,1.0,27.99,28.67,27.99,28.46,18594400
658,V,2012-05-21,113.27,116.32,112.66,116.22,0.0,1.0,27.23,27.97,27.09,27.94,13272000
659,V,2012-05-18,114.85,115.25,112.5,112.64,0.0,1.0,27.61,27.71,27.05,27.08,25934800
660,V,2012-05-17,117.0,118.26,115.01,115.01,0.0,1.0,28.13,28.43,27.65,27.65,17814800
661,V,2012-05-16,116.99,118.2,116.3,117.53,0.22,1.0,28.13,28.42,27.96,28.26,17339600
662,V,2012-05-15,116.45,117.9,116.45,116.61,0.0,1.0,27.94,28.29,27.94,27.98,12589200
663,V,2012-05-14,116.83,118.36,115.83,116.72,0.0,1.0,28.04,28.4,27.8,28.01,16246400
664,V,2012-05-11,117.36,118.97,117.26,117.92,0.0,1.0,28.16,28.55,28.14,28.3,8139600
665,V,2012-05-10,118.3,119.49,117.64,118.17,0.0,1.0,28.39,28.67,28.23,28.36,13468000
666,V,2012-05-09,117.31,118.98,116.57,117.42,0.0,1.0,28.15,28.55,27.97,28.18,17672800
667,V,2012-05-08,118.27,119.08,116.15,118.14,0.0,1.0,28.38,28.58,27.87,28.35,14596800
668,V,2012-05-07,116.96,119.09,116.96,118.51,0.0,1.0,28.07,28.58,28.07,28.44,13476800
669,V,2012-05-04,116.22,118.89,115.31,117.79,0.0,1.0,27.89,28.53,27.67,28.27,23403600
670,V,2012-05-03,122.01,122.51,115.38,116.41,0.0,1.0,29.28,29.4,27.69,27.93,47838000
671,V,2012-05-02,121.61,123.19,120.67,122.19,0.0,1.0,29.18,29.56,28.96,29.32,25366800
672,V,2012-05-01,123.47,125.35,123.04,123.09,0.0,1.0,29.63,30.08,29.53,29.54,17178000
673,V,2012-04-30,124.11,124.15,122.31,122.98,0.0,1.0,29.78,29.79,29.35,29.51,9375200
674,V,2012-04-27,123.74,124.21,122.86,123.52,0.0,1.0,29.69,29.81,29.48,29.64,9787200
675,V,2012-04-26,121.89,123.5,121.51,123.19,0.0,1.0,29.25,29.64,29.16,29.56,11107600
676,V,2012-04-25,119.74,122.4,119.56,121.79,0.0,1.0,28.73,29.37,28.69,29.23,12150800
677,V,2012-04-24,118.35,119.24,117.49,118.93,0.0,1.0,28.4,28.61,28.19,28.54,9430800
678,V,2012-04-23,120.25,120.81,116.48,118.1,0.0,1.0,28.86,28.99,27.95,28.34,17347200
679,V,2012-04-20,121.82,122.15,120.58,121.01,0.0,1.0,29.23,29.31,28.94,29.04,7841200
680,V,2012-04-19,121.27,122.26,120.51,121.19,0.0,1.0,29.1,29.34,28.92,29.08,8522400
681,V,2012-04-18,121.61,122.48,121.32,121.78,0.0,1.0,29.18,29.39,29.11,29.22,8480000
682,V,2012-04-17,121.63,122.5,121.25,122.08,0.0,1.0,29.19,29.4,29.1,29.3,10328800
683,V,2012-04-16,123.04,123.05,120.04,120.83,0.0,1.0,29.53,29.53,28.81,29.0,18308400
684,V,2012-04-13,120.4,123.68,120.31,123.16,0.0,1.0,28.89,29.68,28.87,29.55,21497200
685,V,2012-04-12,117.47,121.16,117.19,121.02,0.0,1.0,28.19,29.07,28.12,29.04,17164000
686,V,2012-04-11,118.02,118.95,116.97,117.38,0.0,1.0,28.32,28.54,28.07,28.17,14171200
687,V,2012-04-10,119.48,119.77,116.59,116.74,0.0,1.0,28.67,28.74,27.98,28.01,10679200
688,V,2012-04-09,119.66,120.35,118.71,119.5,0.0,1.0,28.71,28.88,28.49,28.68,13295600
689,V,2012-04-05,118.32,121.15,118.07,121.01,0.0,1.0,28.39,29.07,28.33,29.04,13395600
690,V,2012-04-04,119.49,119.68,118.2,118.98,0.0,1.0,28.67,28.72,28.36,28.55,10308800
691,V,2012-04-03,118.84,120.59,118.37,120.36,0.0,1.0,28.52,28.94,28.4,28.88,15691600
692,V,2012-04-02,118.0,119.9,117.1,118.98,0.0,1.0,28.32,28.77,28.1,28.55,11777600
693,V,2012-03-30,119.09,119.2,117.6,118.0,0.0,1.0,28.58,28.6,28.22,28.32,12002000
694,V,2012-03-29,118.54,119.18,117.55,119.0,0.0,1.0,28.45,28.6,28.21,28.56,8691200
695,V,2012-03-28,119.68,120.3,118.51,119.35,0.0,1.0,28.72,28.87,28.44,28.64,8992000
696,V,2012-03-27,119.98,120.28,119.55,119.81,0.0,1.0,28.79,28.86,28.69,28.75,10662000
697,V,2012-03-26,119.36,120.7,117.25,120.06,0.0,1.0,28.64,28.96,28.14,28.81,16363600
698,V,2012-03-23,117.51,119.0,116.9,118.78,0.0,1.0,28.2,28.56,28.05,28.5,10151200
699,V,2012-03-22,116.15,117.5,116.0,117.28,0.0,1.0,27.87,28.2,27.84,28.14,9368000
700,V,2012-03-21,117.09,117.65,116.58,116.75,0.0,1.0,28.1,28.23,27.98,28.02,8427200
701,V,2012-03-20,118.15,118.6,116.0,116.52,0.0,1.0,28.35,28.46,27.84,27.96,10588000
702,V,2012-03-19,116.44,119.72,116.15,118.84,0.0,1.0,27.94,28.73,27.87,28.52,15918400
703,V,2012-03-16,117.43,117.5,116.27,116.68,0.0,1.0,28.18,28.2,27.9,28.0,16006400
704,V,2012-03-15,116.62,117.47,116.3,117.0,0.0,1.0,27.99,28.19,27.91,28.08,13293200
705,V,2012-03-14,117.31,117.89,116.47,116.75,0.0,1.0,28.15,28.29,27.95,28.02,14996000
706,V,2012-03-13,116.91,117.41,115.68,117.27,0.0,1.0,28.05,28.17,27.76,28.14,12785600
707,V,2012-03-12,117.02,117.55,116.07,116.53,0.0,1.0,28.08,28.21,27.85,27.96,7709200
708,V,2012-03-09,118.07,118.39,117.01,117.17,0.0,1.0,28.33,28.41,28.08,28.12,8457600
709,V,2012-03-08,116.68,118.18,116.03,117.97,0.0,1.0,28.0,28.36,27.84,28.31,9520400
710,V,2012-03-07,115.72,116.1,114.96,115.64,0.0,1.0,27.77,27.86,27.59,27.75,10694000
711,V,2012-03-06,115.22,115.5,113.54,114.84,0.0,1.0,27.65,27.72,27.25,27.56,13302000
712,V,2012-03-05,116.16,116.83,115.9,116.24,0.0,1.0,27.87,28.04,27.81,27.89,10153600
713,V,2012-03-02,116.51,116.97,115.6,116.16,0.0,1.0,27.96,28.07,27.74,27.87,12213600
714,V,2012-03-01,117.45,117.99,116.55,117.18,0.0,1.0,28.18,28.31,27.97,28.12,11174000
715,V,2012-02-29,119.02,119.36,116.01,116.37,0.0,1.0,28.56,28.64,27.84,27.93,15217600
716,V,2012-02-28,117.16,118.97,117.05,118.95,0.0,1.0,28.11,28.55,28.09,28.54,11937200
717,V,2012-02-27,117.07,117.3,116.3,116.86,0.0,1.0,28.09,28.15,27.91,28.04,15812800
718,V,2012-02-24,116.49,117.77,115.9,117.54,0.0,1.0,27.95,28.26,27.81,28.21,11094000
719,V,2012-02-23,116.36,116.8,115.66,116.48,0.0,1.0,27.92,28.03,27.75,27.95,10890800
720,V,2012-02-22,113.79,116.75,113.3,116.36,0.0,1.0,27.31,28.02,27.19,27.92,14381200
721,V,2012-02-21,115.26,116.0,113.85,114.2,0.0,1.0,27.66,27.84,27.32,27.4,10819600
722,V,2012-02-17,114.41,115.25,113.8,115.01,0.0,1.0,27.45,27.66,27.31,27.6,15512800
723,V,2012-02-16,115.46,115.73,113.6,113.8,0.0,1.0,27.71,27.77,27.26,27.31,15971600
724,V,2012-02-15,115.74,117.18,114.64,115.1,0.22,1.0,27.77,28.12,27.51,27.62,21701200
725,V,2012-02-14,112.11,115.25,112.09,115.24,0.0,1.0,26.85,27.6,26.85,27.6,17960800
726,V,2012-02-13,114.25,115.17,112.36,112.71,0.0,1.0,27.36,27.58,26.91,27.0,22078400
727,V,2012-02-10,111.79,114.0,111.4,113.9,0.0,1.0,26.77,27.3,26.68,27.28,21888800
728,V,2012-02-09,113.06,114.9,112.05,112.42,0.0,1.0,27.08,27.52,26.84,26.93,39601200
729,V,2012-02-08,107.77,108.64,107.02,108.35,0.0,1.0,25.81,26.02,25.63,25.95,22742000
730,V,2012-02-07,107.46,107.55,106.06,106.98,0.0,1.0,25.74,25.76,25.4,25.62,13045600
731,V,2012-02-06,106.94,108.27,106.8,107.36,0.0,1.0,25.61,25.93,25.58,25.71,13349600
732,V,2012-02-03,106.79,107.82,106.59,107.03,0.0,1.0,25.58,25.82,25.53,25.63,16533200
733,V,2012-02-02,103.78,107.12,103.59,106.06,0.0,1.0,24.86,25.66,24.81,25.4,33740400
734,V,2012-02-01,101.18,102.7,100.6,102.51,0.0,1.0,24.23,24.6,24.1,24.55,15376800
735,V,2012-01-31,100.49,100.78,99.83,100.64,0.0,1.0,24.07,24.14,23.91,24.1,13240400
736,V,2012-01-30,100.14,100.52,99.5,99.88,0.0,1.0,23.98,24.08,23.83,23.92,12476000
737,V,2012-01-27,100.41,101.53,99.9,101.05,0.0,1.0,24.05,24.32,23.93,24.2,11362800
738,V,2012-01-26,100.72,102.15,99.98,100.86,0.0,1.0,24.12,24.47,23.95,24.16,13939200
739,V,2012-01-25,100.61,100.97,99.8,100.56,0.0,1.0,24.1,24.18,23.9,24.09,15088400
740,V,2012-01-24,99.05,101.27,98.99,101.01,0.0,1.0,23.72,24.26,23.71,24.19,12140800
741,V,2012-01-23,100.75,100.89,98.8,99.6,0.0,1.0,24.13,24.16,23.66,23.86,16166400
742,V,2012-01-20,102.39,102.52,99.8,100.58,0.0,1.0,24.52,24.55,23.9,24.09,20032800
743,V,2012-01-19,104.16,104.2,102.25,102.37,0.0,1.0,24.95,24.96,24.49,24.52,14567600
744,V,2012-01-18,102.16,103.88,102.11,103.78,0.0,1.0,24.47,24.88,24.46,24.86,11752400
745,V,2012-01-17,101.3,102.94,101.19,102.53,0.0,1.0,24.26,24.66,24.24,24.56,17018800
746,V,2012-01-13,100.72,101.79,100.28,100.74,0.0,1.0,24.12,24.38,24.02,24.13,16623200
747,V,2012-01-12,99.38,101.68,99.38,101.34,0.0,1.0,23.8,24.35,23.8,24.27,16708800
748,V,2012-01-11,98.98,99.5,98.33,99.11,0.0,1.0,23.71,23.83,23.55,23.74,19016000
749,V,2012-01-10,100.87,100.95,99.45,99.8,0.0,1.0,24.16,24.18,23.82,23.9,18711600
750,V,2012-01-09,101.01,101.18,98.78,99.9,0.0,1.0,24.19,24.23,23.66,23.93,18002400
751,V,2012-01-06,101.96,102.22,100.22,100.71,0.0,1.0,24.42,24.48,24.0,24.12,13089200
752,V,2012-01-05,100.71,102.21,99.66,101.91,0.0,1.0,24.12,24.48,23.87,24.41,12096400
753,V,2012-01-04,101.69,102.46,100.0,101.15,0.0,1.0,24.36,24.54,23.95,24.23,16522000
754,V,2012-01-03,103.4,103.4,101.85,102.99,0.0,1.0,24.77,24.77,24.39,24.67,16829200
755,V,2011-12-30,103.17,103.2,101.49,101.53,0.0,1.0,24.71,24.72,24.31,24.32,8586800
756,V,2011-12-29,101.0,103.24,100.82,103.15,0.0,1.0,24.19,24.73,24.15,24.71,8637600
757,V,2011-12-28,101.69,102.0,100.6,100.72,0.0,1.0,24.36,24.43,24.09,24.12,9969600
758,V,2011-12-27,102.49,103.45,101.91,101.91,0.0,1.0,24.55,24.78,24.41,24.41,8719200
759,V,2011-12-23,100.93,102.5,100.51,102.48,0.0,1.0,24.17,24.55,24.07,24.54,7803200
760,V,2011-12-22,100.61,101.97,100.1,100.54,0.0,1.0,24.1,24.42,23.97,24.08,13439200
761,V,2011-12-21,101.11,101.26,99.5,100.72,0.0,1.0,24.22,24.25,23.83,24.12,15244000
762,V,2011-12-20,99.53,101.5,99.36,101.35,0.0,1.0,23.84,24.31,23.8,24.27,27454400
763,V,2011-12-19,97.51,99.37,97.51,98.58,0.0,1.0,23.35,23.8,23.35,23.61,23541200
764,V,2011-12-16,96.67,97.75,96.41,97.44,0.0,1.0,23.15,23.41,23.09,23.34,17556800
765,V,2011-12-15,97.32,97.32,95.57,95.82,0.0,1.0,23.31,23.31,22.89,22.95,21020000
766,V,2011-12-14,95.71,96.74,95.05,96.36,0.0,1.0,22.92,23.17,22.77,23.08,19150800
767,V,2011-12-13,97.44,97.54,95.53,95.91,0.0,1.0,23.34,23.36,22.88,22.97,13564000
768,V,2011-12-12,96.64,97.4,95.83,96.92,0.0,1.0,23.15,23.33,22.95,23.21,13644400
769,V,2011-12-09,96.63,97.46,95.51,97.19,0.0,1.0,23.14,23.34,22.88,23.28,11974000
770,V,2011-12-08,96.94,97.87,95.59,95.8,0.0,1.0,23.22,23.44,22.89,22.95,14238000
771,V,2011-12-07,95.27,97.44,95.05,97.07,0.0,1.0,22.82,23.34,22.77,23.25,16055200
772,V,2011-12-06,96.04,96.28,95.08,95.37,0.0,1.0,23.0,23.06,22.77,22.84,14135200
773,V,2011-12-05,98.28,98.29,95.2,96.06,0.0,1.0,23.54,23.54,22.8,23.01,16731600
774,V,2011-12-02,98.39,98.6,96.8,97.2,0.0,1.0,23.57,23.62,23.18,23.28,12928000
775,V,2011-12-01,95.92,98.26,95.75,97.76,0.0,1.0,22.97,23.53,22.93,23.41,19042400
776,V,2011-11-30,94.85,97.03,94.64,96.97,0.0,1.0,22.72,23.24,22.67,23.23,21504000
777,V,2011-11-29,93.47,93.5,92.54,92.9,0.0,1.0,22.39,22.39,22.16,22.25,14513600
778,V,2011-11-28,91.67,93.75,91.13,93.47,0.0,1.0,21.96,22.45,21.83,22.39,14792400
779,V,2011-11-25,89.04,90.39,88.78,89.02,0.0,1.0,21.33,21.65,21.26,21.32,6933600
780,V,2011-11-23,90.36,91.76,89.2,89.29,0.0,1.0,21.64,21.98,21.36,21.39,21064400
781,V,2011-11-22,90.95,92.19,90.63,90.84,0.0,1.0,21.78,22.08,21.71,21.76,13469600
782,V,2011-11-21,89.66,91.87,89.1,91.21,0.0,1.0,21.47,22.0,21.34,21.85,15844400
783,V,2011-11-18,91.52,91.65,90.43,90.81,0.0,1.0,21.92,21.95,21.66,21.75,12906000
784,V,2011-11-17,93.69,94.01,90.86,91.4,0.0,1.0,22.44,22.52,21.76,21.89,17227200
785,V,2011-11-16,94.55,95.0,93.17,93.4,0.22,1.0,22.65,22.75,22.32,22.37,12999600
786,V,2011-11-15,94.02,95.82,93.85,95.63,0.0,1.0,22.47,22.9,22.43,22.85,14153200
787,V,2011-11-14,94.61,95.72,93.57,93.82,0.0,1.0,22.61,22.87,22.36,22.42,10432000
788,V,2011-11-11,93.79,95.65,93.71,95.16,0.0,1.0,22.41,22.86,22.39,22.74,13648400
789,V,2011-11-10,94.35,94.35,92.59,93.04,0.0,1.0,22.54,22.54,22.12,22.23,11248800
790,V,2011-11-09,92.29,94.1,92.29,93.13,0.0,1.0,22.05,22.48,22.05,22.25,19594800
791,V,2011-11-08,93.43,94.66,93.4,94.54,0.0,1.0,22.32,22.62,22.32,22.59,19602000
792,V,2011-11-07,92.8,93.33,91.52,92.96,0.0,1.0,22.17,22.3,21.87,22.21,9647200
793,V,2011-11-04,92.33,93.63,91.65,92.64,0.0,1.0,22.06,22.37,21.9,22.14,13608400
794,V,2011-11-03,92.06,93.8,90.28,93.18,0.0,1.0,22.0,22.41,21.57,22.27,18410800
795,V,2011-11-02,93.04,93.99,91.12,91.5,0.0,1.0,22.23,22.46,21.77,21.86,24565200
796,V,2011-11-01,91.16,92.46,90.0,90.03,0.0,1.0,21.78,22.09,21.51,21.51,30528400
797,V,2011-10-31,94.28,95.87,93.24,93.26,0.0,1.0,22.53,22.91,22.28,22.28,17826000
798,V,2011-10-28,93.25,95.75,93.25,95.1,0.0,1.0,22.28,22.88,22.28,22.72,23299600
799,V,2011-10-27,91.0,94.49,90.6,94.4,0.0,1.0,21.74,22.58,21.65,22.56,41568000
800,V,2011-10-26,92.14,92.73,89.6,92.02,0.0,1.0,22.02,22.16,21.41,21.99,26746400
801,V,2011-10-25,93.5,93.63,90.55,90.68,0.0,1.0,22.34,22.37,21.64,21.67,16824000
802,V,2011-10-24,93.29,94.41,93.19,94.21,0.0,1.0,22.29,22.56,22.27,22.51,12138400
803,V,2011-10-21,92.49,93.43,91.9,93.43,0.0,1.0,22.1,22.32,21.96,22.32,14128800
804,V,2011-10-20,90.8,91.97,90.27,91.35,0.0,1.0,21.7,21.98,21.57,21.83,17646400
805,V,2011-10-19,94.21,94.48,89.88,90.08,0.0,1.0,22.51,22.58,21.48,21.52,21662400
806,V,2011-10-18,91.11,94.5,90.59,93.91,0.0,1.0,21.77,22.58,21.65,22.44,14400000
807,V,2011-10-17,93.13,93.92,91.03,91.19,0.0,1.0,22.25,22.44,21.75,21.79,13842800
808,V,2011-10-14,93.42,94.65,93.17,93.92,0.0,1.0,22.32,22.62,22.26,22.44,15800400
809,V,2011-10-13,90.5,92.93,90.46,92.6,0.0,1.0,21.62,22.21,21.62,22.13,13193600
810,V,2011-10-12,90.98,92.33,90.71,91.17,0.0,1.0,21.74,22.06,21.67,21.78,19065200
811,V,2011-10-11,88.71,90.86,88.45,90.51,0.0,1.0,21.2,21.71,21.13,21.63,17626800
812,V,2011-10-10,87.79,89.29,87.4,89.25,0.0,1.0,20.98,21.34,20.88,21.33,13322400
813,V,2011-10-07,87.43,88.0,85.77,86.25,0.0,1.0,20.89,21.03,20.49,20.61,17553200
814,V,2011-10-06,84.88,87.28,84.42,87.13,0.0,1.0,20.28,20.86,20.17,20.82,19486000
815,V,2011-10-05,84.6,85.45,83.22,84.99,0.0,1.0,20.21,20.42,19.89,20.31,25114000
816,V,2011-10-04,83.04,85.09,81.71,84.78,0.0,1.0,19.84,20.33,19.52,20.26,31600000
817,V,2011-10-03,84.97,86.64,84.22,84.26,0.0,1.0,20.3,20.7,20.12,20.13,26223600
818,V,2011-09-30,86.22,87.62,85.25,85.72,0.0,1.0,20.6,20.94,20.37,20.48,17952400
819,V,2011-09-29,88.97,88.97,86.0,87.69,0.0,1.0,21.26,21.26,20.55,20.95,15552000
820,V,2011-09-28,89.8,89.85,87.46,87.63,0.0,1.0,21.46,21.47,20.9,20.94,17090400
821,V,2011-09-27,91.13,91.7,89.12,89.48,0.0,1.0,21.78,21.91,21.29,21.38,20066800
822,V,2011-09-26,90.99,91.52,88.17,90.28,0.0,1.0,21.74,21.87,21.07,21.57,19095600
823,V,2011-09-23,87.96,90.93,87.96,90.08,0.0,1.0,21.02,21.73,21.02,21.52,21526000
824,V,2011-09-22,88.74,90.0,86.19,88.3,0.0,1.0,21.2,21.51,20.59,21.1,35689200
825,V,2011-09-21,92.64,94.13,91.4,91.42,0.0,1.0,22.14,22.49,21.84,21.84,28070400
826,V,2011-09-20,90.4,94.75,90.26,92.84,0.0,1.0,21.6,22.64,21.57,22.18,36064000
827,V,2011-09-19,89.47,90.67,88.67,90.03,0.0,1.0,21.38,21.67,21.19,21.51,22088000
828,V,2011-09-16,90.62,91.52,89.63,90.85,0.0,1.0,21.65,21.87,21.42,21.71,50275200
829,V,2011-09-15,90.01,90.6,88.35,90.5,0.0,1.0,21.51,21.65,21.11,21.62,21478400
830,V,2011-09-14,88.23,90.2,87.56,89.58,0.0,1.0,21.08,21.55,20.92,21.4,26147200
831,V,2011-09-13,87.66,87.91,86.66,87.77,0.0,1.0,20.95,21.01,20.71,20.97,17469600
832,V,2011-09-12,85.95,87.48,85.49,87.45,0.0,1.0,20.54,20.9,20.43,20.9,19608400
833,V,2011-09-09,86.88,88.41,85.96,86.35,0.0,1.0,20.76,21.13,20.54,20.63,26492400
834,V,2011-09-08,87.76,89.1,87.44,87.46,0.0,1.0,20.97,21.29,20.89,20.9,18386400
835,V,2011-09-07,86.82,88.53,86.7,88.48,0.0,1.0,20.75,21.15,20.72,21.14,16552800
836,V,2011-09-06,83.25,86.25,83.25,85.86,0.0,1.0,19.89,20.61,19.89,20.52,15809200
837,V,2011-09-02,85.72,87.12,85.1,85.55,0.0,1.0,20.48,20.82,20.33,20.44,15807200
838,V,2011-09-01,87.72,88.96,87.03,87.73,0.0,1.0,20.96,21.26,20.8,20.96,20800800
839,V,2011-08-31,88.5,88.85,86.75,87.88,0.0,1.0,21.15,21.23,20.73,21.0,24092800
840,V,2011-08-30,86.62,88.33,86.3,87.93,0.0,1.0,20.7,21.11,20.62,21.01,16622800
841,V,2011-08-29,86.98,87.93,86.07,86.58,0.0,1.0,20.78,21.01,20.57,20.69,18568800
842,V,2011-08-26,83.51,85.95,82.67,85.85,0.0,1.0,19.95,20.54,19.75,20.51,21498800
843,V,2011-08-25,86.47,86.93,83.94,84.11,0.0,1.0,20.66,20.77,20.06,20.1,24273200
844,V,2011-08-24,83.6,86.58,83.11,86.38,0.0,1.0,19.98,20.69,19.86,20.64,29150800
845,V,2011-08-23,80.22,83.79,79.78,83.77,0.0,1.0,19.17,20.02,19.06,20.02,20076000
846,V,2011-08-22,81.23,81.5,79.25,79.79,0.0,1.0,19.41,19.47,18.94,19.07,19341200
847,V,2011-08-19,79.33,81.68,79.33,79.6,0.0,1.0,18.96,19.52,18.96,19.02,31170000
848,V,2011-08-18,81.51,82.75,79.95,80.29,0.0,1.0,19.48,19.77,19.1,19.19,32999600
849,V,2011-08-17,85.97,86.18,83.32,83.99,0.15,1.0,20.54,20.59,19.91,20.07,19090000
850,V,2011-08-16,85.0,86.37,84.61,85.83,0.0,1.0,20.27,20.6,20.18,20.47,20360000
851,V,2011-08-15,85.11,86.23,84.51,85.87,0.0,1.0,20.3,20.57,20.16,20.48,18328800
852,V,2011-08-12,85.11,85.79,83.43,83.83,0.0,1.0,20.3,20.46,19.9,20.0,16598800
853,V,2011-08-11,80.15,85.69,79.7,84.52,0.0,1.0,19.12,20.44,19.01,20.16,37359600
854,V,2011-08-10,81.28,81.64,79.02,79.28,0.0,1.0,19.39,19.47,18.85,18.91,38429600
855,V,2011-08-09,80.35,82.87,76.11,82.76,0.0,1.0,19.17,19.77,18.15,19.74,58702000
856,V,2011-08-08,80.18,81.81,78.08,79.24,0.0,1.0,19.12,19.51,18.62,18.9,58529200
857,V,2011-08-05,85.34,85.67,80.88,83.41,0.0,1.0,20.36,20.43,19.29,19.9,33626800
858,V,2011-08-04,86.77,86.81,84.88,84.99,0.0,1.0,20.7,20.71,20.25,20.27,38827200
859,V,2011-08-03,84.53,87.75,83.81,87.48,0.0,1.0,20.16,20.93,19.99,20.87,35308800
860,V,2011-08-02,85.0,86.39,83.56,83.56,0.0,1.0,20.27,20.61,19.93,19.93,17327200
861,V,2011-08-01,87.0,87.33,85.06,85.68,0.0,1.0,20.75,20.83,20.29,20.44,13512800
862,V,2011-07-29,85.84,86.24,83.6,85.54,0.0,1.0,20.47,20.57,19.94,20.4,16708400
863,V,2011-07-28,88.13,88.97,86.66,86.92,0.0,1.0,21.02,21.22,20.67,20.73,19224800
864,V,2011-07-27,88.32,89.0,87.25,87.75,0.0,1.0,21.07,21.23,20.81,20.93,24094800
865,V,2011-07-26,89.02,89.99,88.7,89.2,0.0,1.0,21.23,21.46,21.16,21.28,10704000
866,V,2011-07-25,88.64,90.23,88.37,89.08,0.0,1.0,21.14,21.52,21.08,21.25,13357200
867,V,2011-07-22,88.1,89.78,88.1,89.52,0.0,1.0,21.01,21.41,21.01,21.35,9035200
868,V,2011-07-21,89.05,90.38,88.04,88.05,0.0,1.0,21.24,21.56,21.0,21.0,21060400
869,V,2011-07-20,89.49,89.49,88.22,88.64,0.0,1.0,21.35,21.35,21.04,21.14,9474400
870,V,2011-07-19,88.49,89.27,88.2,89.21,0.0,1.0,21.11,21.29,21.04,21.28,21594800
871,V,2011-07-18,88.32,88.9,87.71,88.07,0.0,1.0,21.07,21.2,20.92,21.01,13515200
872,V,2011-07-15,88.69,88.88,87.71,88.75,0.0,1.0,21.15,21.2,20.92,21.17,15998000
873,V,2011-07-14,88.25,89.39,87.78,87.94,0.0,1.0,21.05,21.32,20.94,20.98,17211600
874,V,2011-07-13,88.14,89.96,88.02,88.74,0.0,1.0,21.02,21.46,20.99,21.17,18855600
875,V,2011-07-12,88.02,88.8,87.59,87.7,0.0,1.0,20.99,21.18,20.89,20.92,18421200
876,V,2011-07-11,88.61,89.24,87.68,87.9,0.0,1.0,21.14,21.29,20.91,20.97,25733600
877,V,2011-07-08,88.97,90.15,88.4,89.73,0.0,1.0,21.22,21.5,21.09,21.4,20818800
878,V,2011-07-07,88.2,90.83,88.0,90.15,0.0,1.0,21.04,21.66,20.99,21.5,48524000
879,V,2011-07-06,87.84,89.23,86.85,88.2,0.0,1.0,20.95,21.28,20.72,21.04,33615200
880,V,2011-07-05,86.96,88.8,86.34,88.32,0.0,1.0,20.74,21.18,20.59,21.07,33089600
881,V,2011-07-01,84.1,88.93,83.76,87.97,0.0,1.0,20.06,21.21,19.98,20.98,61742400
882,V,2011-06-30,86.13,87.36,83.93,84.26,0.0,1.0,20.54,20.84,20.02,20.1,119880400
883,V,2011-06-29,75.92,87.32,74.79,86.57,0.0,1.0,18.11,20.83,17.84,20.65,132109200
884,V,2011-06-28,74.28,75.45,74.21,75.28,0.0,1.0,17.72,18.0,17.7,17.96,23297600
885,V,2011-06-27,73.79,74.05,73.11,73.89,0.0,1.0,17.6,17.66,17.44,17.62,20880000
886,V,2011-06-24,75.31,75.35,73.33,73.37,0.0,1.0,17.96,17.97,17.49,17.5,39700800
887,V,2011-06-23,74.19,75.4,74.0,75.31,0.0,1.0,17.7,17.98,17.65,17.96,20405600
888,V,2011-06-22,74.94,75.97,74.57,74.66,0.0,1.0,17.87,18.12,17.79,17.81,17722000
889,V,2011-06-21,74.56,75.19,74.15,74.99,0.0,1.0,17.78,17.93,17.69,17.89,25295200
890,V,2011-06-20,74.28,74.34,73.64,74.05,0.0,1.0,17.72,17.73,17.56,17.66,22546800
891,V,2011-06-17,75.41,75.49,74.2,74.43,0.0,1.0,17.99,18.01,17.7,17.75,25859200
892,V,2011-06-16,74.8,75.38,74.38,74.88,0.0,1.0,17.84,17.98,17.74,17.86,21041600
893,V,2011-06-15,75.54,76.03,74.81,74.84,0.0,1.0,18.02,18.13,17.84,17.85,22775600
894,V,2011-06-14,75.11,76.27,74.83,75.93,0.0,1.0,17.92,18.19,17.85,18.11,30033600
895,V,2011-06-13,74.85,75.14,74.3,74.86,0.0,1.0,17.85,17.92,17.72,17.86,20820000
896,V,2011-06-10,76.21,76.31,74.55,74.69,0.0,1.0,18.18,18.2,17.78,17.82,29456800
897,V,2011-06-09,76.28,76.73,75.88,76.43,0.0,1.0,18.19,18.3,18.1,18.23,32074000
898,V,2011-06-08,78.69,78.69,74.37,76.71,0.0,1.0,18.77,18.77,17.74,18.3,80785200
899,V,2011-06-07,78.8,80.13,78.52,79.82,0.0,1.0,18.8,19.11,18.73,19.04,27764800
900,V,2011-06-06,79.0,79.57,78.15,78.2,0.0,1.0,18.84,18.98,18.64,18.65,17628000
901,V,2011-06-03,79.81,80.36,78.96,79.13,0.0,1.0,19.04,19.17,18.83,18.87,18954400
902,V,2011-06-02,79.19,80.82,79.15,80.7,0.0,1.0,18.89,19.28,18.88,19.25,19466400
903,V,2011-06-01,80.76,80.76,79.18,79.18,0.0,1.0,19.26,19.26,18.89,18.89,17732800
904,V,2011-05-31,80.02,81.11,80.01,81.06,0.0,1.0,19.09,19.35,19.08,19.33,15274400
905,V,2011-05-27,78.66,79.84,78.37,79.8,0.0,1.0,18.76,19.04,18.69,19.03,15344800
906,V,2011-05-26,78.57,79.36,77.64,79.29,0.0,1.0,18.74,18.93,18.52,18.91,21110800
907,V,2011-05-25,76.96,79.08,76.61,78.75,0.0,1.0,18.36,18.86,18.27,18.78,18002800
908,V,2011-05-24,77.01,77.78,76.66,77.6,0.0,1.0,18.37,18.55,18.29,18.51,14828400
909,V,2011-05-23,77.09,77.74,76.6,76.92,0.0,1.0,18.39,18.54,18.27,18.35,18258400
910,V,2011-05-20,79.34,79.84,78.23,78.23,0.0,1.0,18.92,19.04,18.66,18.66,17216000
911,V,2011-05-19,80.13,80.14,79.41,79.64,0.0,1.0,19.11,19.12,18.94,19.0,14941200
912,V,2011-05-18,80.43,80.43,79.48,80.01,0.15,1.0,19.18,19.18,18.96,19.08,20127200
913,V,2011-05-17,79.8,80.8,79.75,80.6,0.0,1.0,19.0,19.24,18.99,19.19,22112000
914,V,2011-05-16,79.15,81.3,79.12,79.94,0.0,1.0,18.84,19.36,18.84,19.03,18763200
915,V,2011-05-13,80.0,80.18,79.7,79.91,0.0,1.0,19.05,19.09,18.97,19.02,21474000
916,V,2011-05-12,79.09,80.05,79.08,79.93,0.0,1.0,18.83,19.06,18.83,19.03,25078400
917,V,2011-05-11,80.22,80.25,78.95,79.34,0.0,1.0,19.1,19.11,18.8,18.89,17667600
918,V,2011-05-10,79.97,80.7,79.72,80.35,0.0,1.0,19.04,19.21,18.98,19.13,19706400
919,V,2011-05-09,79.13,79.98,79.04,79.86,0.0,1.0,18.84,19.04,18.82,19.01,19093200
920,V,2011-05-06,78.5,79.86,78.27,79.41,0.0,1.0,18.69,19.01,18.63,18.91,29754400
921,V,2011-05-05,79.1,79.37,78.2,78.7,0.0,1.0,18.83,18.9,18.62,18.74,20991600
922,V,2011-05-04,79.85,80.15,79.05,79.77,0.0,1.0,19.01,19.08,18.82,18.99,17334400
923,V,2011-05-03,79.63,80.17,79.3,80.0,0.0,1.0,18.96,19.09,18.88,19.05,18944800
924,V,2011-05-02,78.46,79.67,78.46,79.14,0.0,1.0,18.68,18.97,18.68,18.84,13503600
925,V,2011-04-29,77.7,78.45,74.23,78.12,0.0,1.0,18.5,18.68,17.67,18.6,10877600
926,V,2011-04-28,78.84,78.84,77.55,77.66,0.0,1.0,18.77,18.77,18.46,18.49,11416000
927,V,2011-04-27,78.8,78.97,77.89,78.89,0.0,1.0,18.76,18.8,18.54,18.78,8982400
928,V,2011-04-26,77.8,79.0,77.4,78.77,0.0,1.0,18.52,18.81,18.43,18.75,15200000
929,V,2011-04-25,77.77,77.87,77.3,77.76,0.0,1.0,18.52,18.54,18.4,18.51,7126400
930,V,2011-04-21,77.36,77.98,77.05,77.77,0.0,1.0,18.42,18.57,18.34,18.52,10989600
931,V,2011-04-20,76.61,77.91,76.41,77.37,0.0,1.0,18.24,18.55,18.19,18.42,14838400
932,V,2011-04-19,75.49,75.98,75.16,75.92,0.0,1.0,17.97,18.09,17.89,18.07,14261200
933,V,2011-04-18,75.58,76.3,75.45,75.68,0.0,1.0,17.99,18.17,17.96,18.02,15332000
934,V,2011-04-15,76.47,77.0,76.06,76.47,0.0,1.0,18.21,18.33,18.11,18.21,20256000
935,V,2011-04-14,77.14,77.26,76.16,76.31,0.0,1.0,18.37,18.39,18.13,18.17,18609200
936,V,2011-04-13,77.36,77.99,77.2,77.5,0.0,1.0,18.42,18.57,18.38,18.45,18258400
937,V,2011-04-12,76.92,77.58,76.77,77.03,0.0,1.0,18.31,18.47,18.28,18.34,20512000
938,V,2011-04-11,76.8,77.76,76.7,77.71,0.0,1.0,18.28,18.51,18.26,18.5,19004400
939,V,2011-04-08,76.82,77.72,76.32,76.72,0.0,1.0,18.29,18.5,18.17,18.27,23977200
940,V,2011-04-07,76.11,76.55,75.72,76.41,0.0,1.0,18.12,18.22,18.03,18.19,22079200
941,V,2011-04-06,75.71,76.0,75.53,76.0,0.0,1.0,18.02,18.09,17.98,18.09,18132000
942,V,2011-04-05,75.18,75.92,74.8,75.62,0.0,1.0,17.9,18.07,17.81,18.0,18078800
943,V,2011-04-04,74.19,75.25,74.04,75.24,0.0,1.0,17.66,17.92,17.63,17.91,15529200
944,V,2011-04-01,73.99,74.47,73.26,74.22,0.0,1.0,17.62,17.73,17.44,17.67,17270000
945,V,2011-03-31,74.51,74.92,73.6,73.62,0.0,1.0,17.74,17.84,17.52,17.53,18555200
946,V,2011-03-30,73.94,75.34,73.67,74.23,0.0,1.0,17.6,17.94,17.54,17.67,59673200
947,V,2011-03-29,72.36,72.47,71.75,72.2,0.0,1.0,17.23,17.25,17.08,17.19,23558400
948,V,2011-03-28,72.39,73.1,71.96,72.75,0.0,1.0,17.23,17.4,17.13,17.32,23174800
949,V,2011-03-25,72.48,72.91,72.05,72.09,0.0,1.0,17.26,17.36,17.15,17.16,29466800
950,V,2011-03-24,72.22,72.84,71.54,72.66,0.0,1.0,17.19,17.34,17.03,17.3,20558800
951,V,2011-03-23,71.35,72.37,71.35,71.99,0.0,1.0,16.99,17.23,16.99,17.14,17580000
952,V,2011-03-22,71.8,71.96,71.2,71.6,0.0,1.0,17.09,17.13,16.95,17.05,15354400
953,V,2011-03-21,71.84,72.32,71.63,71.96,0.0,1.0,17.1,17.22,17.05,17.13,14807600
954,V,2011-03-18,72.12,72.14,70.92,71.42,0.0,1.0,17.17,17.17,16.88,17.0,25268400
955,V,2011-03-17,71.59,72.0,71.13,71.43,0.0,1.0,17.04,17.14,16.93,17.01,13790400
956,V,2011-03-16,71.42,71.94,70.68,70.96,0.0,1.0,17.0,17.13,16.83,16.89,24056800
957,V,2011-03-15,70.9,71.8,70.45,71.2,0.0,1.0,16.88,17.09,16.77,16.95,24180400
958,V,2011-03-14,71.9,72.73,71.63,71.86,0.0,1.0,17.12,17.32,17.05,17.11,13971600
959,V,2011-03-11,71.38,72.78,71.22,72.51,0.0,1.0,16.99,17.33,16.96,17.26,17335600
960,V,2011-03-10,73.32,73.32,71.23,71.4,0.0,1.0,17.46,17.46,16.96,17.0,28557600
961,V,2011-03-09,74.4,74.66,73.3,73.71,0.0,1.0,17.71,17.77,17.45,17.55,17861600
962,V,2011-03-08,74.45,74.91,73.31,74.17,0.0,1.0,17.72,17.83,17.45,17.66,33497600
963,V,2011-03-07,74.6,75.22,74.0,74.15,0.0,1.0,17.76,17.91,17.62,17.65,18637200
964,V,2011-03-04,75.86,75.94,74.02,74.69,0.0,1.0,18.06,18.08,17.62,17.78,19520000
965,V,2011-03-03,74.7,75.9,74.56,75.83,0.0,1.0,17.78,18.07,17.75,18.05,20388000
966,V,2011-03-02,72.58,74.22,72.51,73.97,0.0,1.0,17.28,17.67,17.26,17.61,21544000
967,V,2011-03-01,73.87,74.88,72.51,72.7,0.0,1.0,17.59,17.83,17.26,17.31,26993600
968,V,2011-02-28,74.86,75.27,73.03,73.05,0.0,1.0,17.82,17.92,17.39,17.39,24857200
969,V,2011-02-25,74.18,75.4,74.18,74.68,0.0,1.0,17.66,17.95,17.66,17.78,24869600
970,V,2011-02-24,72.66,74.24,72.63,73.91,0.0,1.0,17.3,17.67,17.29,17.6,19613200
971,V,2011-02-23,73.64,74.55,72.78,72.88,0.0,1.0,17.53,17.75,17.33,17.35,28714800
972,V,2011-02-22,74.34,75.1,73.11,73.74,0.0,1.0,17.7,17.88,17.41,17.56,31588800
973,V,2011-02-18,76.58,77.08,75.57,75.83,0.0,1.0,18.23,18.35,17.99,18.05,26009600
974,V,2011-02-17,75.75,76.72,75.45,76.14,0.0,1.0,18.03,18.27,17.96,18.13,23475600
975,V,2011-02-16,75.74,76.21,75.46,75.96,0.0,1.0,18.03,18.14,17.97,18.08,20147200
976,V,2011-02-15,75.71,75.91,75.09,75.61,0.0,1.0,18.02,18.07,17.88,18.0,15855200
977,V,2011-02-14,74.99,76.94,74.5,75.74,0.0,1.0,17.85,18.32,17.74,18.03,28970800
978,V,2011-02-11,74.6,75.13,74.28,74.93,0.0,1.0,17.76,17.89,17.68,17.84,17280400
979,V,2011-02-10,72.9,75.15,72.9,74.74,0.0,1.0,17.36,17.89,17.36,17.79,24752400
980,V,2011-02-09,73.78,74.72,73.1,73.28,0.15,1.0,17.57,17.79,17.4,17.45,18674400
981,V,2011-02-08,73.97,74.58,73.82,74.57,0.0,1.0,17.57,17.72,17.54,17.72,15376000
982,V,2011-02-07,72.98,74.14,72.92,73.93,0.0,1.0,17.34,17.62,17.32,17.56,22240400
983,V,2011-02-04,71.98,73.0,71.6,72.9,0.0,1.0,17.1,17.34,17.01,17.32,28833600
984,V,2011-02-03,71.73,72.48,71.0,71.63,0.0,1.0,17.04,17.22,16.87,17.02,33462800
985,V,2011-02-02,71.07,72.09,70.75,72.09,0.0,1.0,16.89,17.13,16.81,17.13,27162400
986,V,2011-02-01,70.21,71.73,70.21,70.7,0.0,1.0,16.68,17.04,16.68,16.8,25448800
987,V,2011-01-31,69.9,70.36,69.35,69.85,0.0,1.0,16.61,16.72,16.48,16.6,24602800
988,V,2011-01-28,70.8,70.93,69.42,69.46,0.0,1.0,16.82,16.85,16.49,16.5,25048400
989,V,2011-01-27,71.06,71.22,70.51,70.6,0.0,1.0,16.88,16.92,16.75,16.77,19417200
990,V,2011-01-26,71.9,72.14,70.95,71.0,0.0,1.0,17.08,17.14,16.86,16.87,17839600
991,V,2011-01-25,71.17,72.38,70.31,71.58,0.0,1.0,16.91,17.2,16.7,17.01,30279600
992,V,2011-01-24,70.23,71.83,70.18,71.79,0.0,1.0,16.69,17.07,16.67,17.06,22922000
993,V,2011-01-21,70.51,71.0,69.91,70.15,0.0,1.0,16.75,16.87,16.61,16.67,24783600
994,V,2011-01-20,68.69,71.54,67.51,70.69,0.0,1.0,16.32,17.0,16.04,16.8,81365200
995,V,2011-01-19,70.96,71.04,68.45,69.12,0.0,1.0,16.86,16.88,16.26,16.42,42852800
996,V,2011-01-18,71.27,71.35,70.74,71.21,0.0,1.0,16.93,16.95,16.81,16.92,19341600
997,V,2011-01-14,71.27,71.55,70.74,71.12,0.0,1.0,16.93,17.0,16.81,16.9,25165600
998,V,2011-01-13,73.13,73.28,70.92,71.14,0.0,1.0,17.37,17.41,16.85,16.9,28109600
999,V,2011-01-12,72.0,72.63,71.99,72.61,0.0,1.0,17.11,17.26,17.1,17.25,18545200
1000,V,2011-01-11,72.05,72.52,71.55,71.88,0.0,1.0,17.12,17.23,17.0,17.08,20593600
1001,V,2011-01-10,72.7,73.24,71.78,71.81,0.0,1.0,17.27,17.4,17.05,17.06,18202400
1002,V,2011-01-07,73.44,73.55,72.5,72.96,0.0,1.0,17.45,17.47,17.23,17.33,28248400
1003,V,2011-01-06,72.73,73.55,72.51,73.17,0.0,1.0,17.28,17.47,17.23,17.38,28358800
1004,V,2011-01-05,70.84,72.33,70.68,72.09,0.0,1.0,16.83,17.18,16.79,17.13,38512800
1005,V,2011-01-04,70.93,70.95,70.26,70.6,0.0,1.0,16.85,16.86,16.69,16.77,18138000
1006,V,2011-01-03,70.4,70.92,70.19,70.52,0.0,1.0,16.73,16.85,16.68,16.75,25710000
