Date,Short Volume,Total Volume,ticker
2011-01-03,26429.0,101493.0,MA
2011-01-04,24547.0,66430.0,MA
2011-01-05,172078.0,323088.0,MA
2011-01-06,140962.0,302113.0,MA
2011-01-07,73486.0,197340.0,MA
2011-01-10,33700.0,89670.0,MA
2011-01-11,23618.0,61285.0,MA
2011-01-12,21117.0,40855.0,MA
2011-01-13,19362.0,36393.0,MA
2011-01-14,40577.0,70509.0,MA
2011-01-18,19861.0,40656.0,MA
2011-01-19,26093.0,58687.0,MA
2011-01-20,61463.0,174392.0,MA
2011-01-21,23666.0,48429.0,MA
2011-01-24,20453.0,43046.0,MA
2011-01-25,29433.0,68519.0,MA
2011-01-26,29432.0,53638.0,MA
2011-01-27,15206.0,32758.0,MA
2011-01-28,19906.0,42695.0,MA
2011-01-31,11295.0,38186.0,MA
2011-02-01,21657.0,64100.0,MA
2011-02-02,22977.0,67865.0,MA
2011-02-03,28620.0,103116.0,MA
2011-02-04,16836.0,58075.0,MA
2011-02-07,18290.0,35839.0,MA
2011-02-08,19474.0,40821.0,MA
2011-02-09,14204.0,36108.0,MA
2011-02-10,21428.0,51429.0,MA
2011-02-11,23628.0,40703.0,MA
2011-02-14,31790.0,74629.0,MA
2011-02-15,33426.0,59322.0,MA
2011-02-16,26269.0,59974.0,MA
2011-02-17,32520.0,99466.0,MA
2011-02-18,17965.0,74759.0,MA
2011-02-22,19780.0,47497.0,MA
2011-02-23,20405.0,43285.0,MA
2011-02-24,31952.0,69596.0,MA
2011-02-25,21346.0,60657.0,MA
2011-02-28,22555.0,86163.0,MA
2011-03-01,38106.0,130522.0,MA
2011-03-02,24287.0,53449.0,MA
2011-03-03,30824.0,102822.0,MA
2011-03-04,24547.0,73205.0,MA
2011-03-07,25511.0,72627.0,MA
2011-03-08,16332.0,49020.0,MA
2011-03-09,18870.0,43025.0,MA
2011-03-10,29920.0,62377.0,MA
2011-03-11,17046.0,36363.0,MA
2011-03-14,31722.0,64926.0,MA
2011-03-15,23837.0,69403.0,MA
2011-03-16,34232.0,59207.0,MA
2011-03-17,14482.0,42082.0,MA
2011-03-18,18458.0,66490.0,MA
2011-03-21,18620.0,38671.0,MA
2011-03-22,26784.0,91564.0,MA
2011-03-23,10971.0,37936.0,MA
2011-03-24,23981.0,50581.0,MA
2011-03-25,10805.0,49180.0,MA
2011-03-28,28392.0,62798.0,MA
2011-03-29,11505.0,49572.0,MA
2011-03-30,64520.0,129596.0,MA
2011-03-31,18742.0,56263.0,MA
2011-04-01,19710.0,51584.0,MA
2011-04-04,28921.0,83503.0,MA
2011-04-05,44523.0,88834.0,MA
2011-04-06,41385.0,74568.0,MA
2011-04-07,28142.0,56282.0,MA
2011-04-08,29615.0,67866.0,MA
2011-04-11,31954.0,67932.0,MA
2011-04-12,23737.0,61690.0,MA
2011-04-13,62105.0,111426.0,MA
2011-04-14,25366.0,38672.0,MA
2011-04-15,33558.0,74946.0,MA
2011-04-18,18419.0,36905.0,MA
2011-04-19,21312.0,29512.0,MA
2011-04-20,18727.0,52349.0,MA
2011-04-21,18505.0,54672.0,MA
2011-04-25,12284.0,24877.0,MA
2011-04-26,22261.0,46340.0,MA
2011-04-27,14423.0,30382.0,MA
2011-04-28,15564.0,25364.0,MA
2011-04-29,12661.0,37567.0,MA
2011-05-02,16023.0,42932.0,MA
2011-05-03,34442.0,74140.0,MA
2011-05-04,35781.0,69426.0,MA
2011-05-05,18782.0,55755.0,MA
2011-05-06,17039.0,41841.0,MA
2011-05-09,23975.0,46618.0,MA
2011-05-10,16788.0,41092.0,MA
2011-05-11,32756.0,50883.0,MA
2011-05-12,19435.0,38997.0,MA
2011-05-13,12153.0,23298.0,MA
2011-05-16,12828.0,35783.0,MA
2011-05-17,31806.0,72990.0,MA
2011-05-18,26589.0,57438.0,MA
2011-05-19,25013.0,45185.0,MA
2011-05-20,20334.0,52235.0,MA
2011-05-23,24718.0,51157.0,MA
2011-05-24,8480.0,33126.0,MA
2011-05-25,22339.0,55743.0,MA
2011-05-26,46238.0,76167.0,MA
2011-05-27,53337.0,96726.0,MA
2011-05-31,16456.0,44690.0,MA
2011-06-01,22103.0,80988.0,MA
2011-06-02,28647.0,63913.0,MA
2011-06-03,13432.0,45859.0,MA
2011-06-06,15247.0,56481.0,MA
2011-06-07,25795.0,64035.0,MA
2011-06-08,65914.0,134949.0,MA
2011-06-09,30005.0,50856.0,MA
2011-06-10,26526.0,54017.0,MA
2011-06-13,19395.0,38726.0,MA
2011-06-14,27700.0,40755.0,MA
2011-06-15,43237.0,64352.0,MA
2011-06-16,27129.0,57253.0,MA
2011-06-17,24891.0,68449.0,MA
2011-06-20,14815.0,26908.0,MA
2011-06-21,17948.0,36718.0,MA
2011-06-22,14762.0,27233.0,MA
2011-06-23,10595.0,37552.0,MA
2011-06-24,46300.0,79282.0,MA
2011-06-27,26035.0,53500.0,MA
2011-06-28,21128.0,41871.0,MA
2011-06-29,158040.0,269342.0,MA
2011-06-30,78130.0,206158.0,MA
2011-07-01,64518.0,138316.0,MA
2011-07-05,22418.0,56360.0,MA
2011-07-06,27876.0,64329.0,MA
2011-07-07,47242.0,128350.0,MA
2011-07-08,21037.0,75490.0,MA
2011-07-11,19793.0,66123.0,MA
2011-07-12,49139.0,109436.0,MA
2011-07-13,24088.0,77423.0,MA
2011-07-14,10931.0,25631.0,MA
2011-07-15,24498.0,53900.0,MA
2011-07-18,45140.0,71138.0,MA
2011-07-19,29659.0,59222.0,MA
2011-07-20,17295.0,37508.0,MA
2011-07-21,14900.0,39542.0,MA
2011-07-22,12904.0,39170.0,MA
2011-07-25,18188.0,34483.0,MA
2011-07-26,13690.0,30501.0,MA
2011-07-27,17781.0,62413.0,MA
2011-07-28,23881.0,70200.0,MA
2011-07-29,22637.0,70841.0,MA
2011-08-01,29595.0,49231.0,MA
2011-08-02,37131.0,88547.0,MA
2011-08-03,168873.0,347503.0,MA
2011-08-04,84854.0,190840.0,MA
2011-08-05,70709.0,174024.0,MA
2011-08-08,72941.0,191187.0,MA
2011-08-09,74731.0,192003.0,MA
2011-08-10,79709.0,159513.0,MA
2011-08-11,69169.0,177792.0,MA
2011-08-12,43858.0,98817.0,MA
2011-08-15,48511.0,110105.0,MA
2011-08-16,56459.0,103849.0,MA
2011-08-17,37731.0,96289.0,MA
2011-08-18,60130.0,155046.0,MA
2011-08-19,50418.0,120322.0,MA
2011-08-22,32368.0,58717.0,MA
2011-08-23,33572.0,67410.0,MA
2011-08-24,41490.0,70170.0,MA
2011-08-25,39809.0,63184.0,MA
2011-08-26,25421.0,67022.0,MA
2011-08-29,33819.0,97589.0,MA
2011-08-30,32016.0,82790.0,MA
2011-08-31,46019.0,81017.0,MA
2011-09-01,31813.0,58869.0,MA
2011-09-02,26235.0,50196.0,MA
2011-09-06,40458.0,78629.0,MA
2011-09-07,41578.0,82422.0,MA
2011-09-08,62593.0,116725.0,MA
2011-09-09,51589.0,98888.0,MA
2011-09-12,32316.0,102666.0,MA
2011-09-13,27532.0,62552.0,MA
2011-09-14,70315.0,117194.0,MA
2011-09-15,108043.0,164962.0,MA
2011-09-16,100202.0,185654.0,MA
2011-09-19,58020.0,103547.0,MA
2011-09-20,78274.0,164118.0,MA
2011-09-21,50718.0,120694.0,MA
2011-09-22,77028.0,171225.0,MA
2011-09-23,72752.0,146584.0,MA
2011-09-26,98348.0,143883.0,MA
2011-09-27,43266.0,98617.0,MA
2011-09-28,40333.0,89180.0,MA
2011-09-29,46255.0,81459.0,MA
2011-09-30,59498.0,135122.0,MA
2011-10-03,77266.0,142327.0,MA
2011-10-04,89980.0,280225.0,MA
2011-10-05,52662.0,112011.0,MA
2011-10-06,59557.0,114196.0,MA
2011-10-07,64100.0,121311.0,MA
2011-10-10,34923.0,75604.0,MA
2011-10-11,55624.0,93116.0,MA
2011-10-12,73866.0,158665.0,MA
2011-10-13,75428.0,119193.0,MA
2011-10-14,53330.0,97093.0,MA
2011-10-17,53363.0,83022.0,MA
2011-10-18,60827.0,104511.0,MA
2011-10-19,67336.0,142011.0,MA
2011-10-20,36497.0,127898.0,MA
2011-10-21,29693.0,65263.0,MA
2011-10-24,26278.0,56064.0,MA
2011-10-25,25646.0,54436.0,MA
2011-10-26,26737.0,67345.0,MA
2011-10-27,58868.0,111867.0,MA
2011-10-28,32451.0,61482.0,MA
2011-10-31,27127.0,59652.0,MA
2011-11-01,41219.0,82056.0,MA
2011-11-02,91168.0,214758.0,MA
2011-11-03,48610.0,85713.0,MA
2011-11-04,27913.0,57091.0,MA
2011-11-07,17153.0,49460.0,MA
2011-11-08,25948.0,66700.0,MA
2011-11-09,38760.0,75265.0,MA
2011-11-10,21320.0,41199.0,MA
2011-11-11,42291.0,82416.0,MA
2011-11-14,21919.0,40074.0,MA
2011-11-15,23433.0,44363.0,MA
2011-11-16,24420.0,51761.0,MA
2011-11-17,38076.0,76533.0,MA
2011-11-18,26247.0,62947.0,MA
2011-11-21,26090.0,68084.0,MA
2011-11-22,20853.0,43834.0,MA
2011-11-23,23947.0,55548.0,MA
2011-11-25,6792.0,16855.0,MA
2011-11-28,25940.0,65205.0,MA
2011-11-29,30029.0,75895.0,MA
2011-11-30,35912.0,66025.0,MA
2011-12-01,36102.0,79262.0,MA
2011-12-02,33320.0,56384.0,MA
2011-12-05,33935.0,70277.0,MA
2011-12-06,22983.0,41431.0,MA
2011-12-07,20991.0,42012.0,MA
2011-12-08,26890.0,43548.0,MA
2011-12-09,33610.0,59038.0,MA
2011-12-12,22456.0,40730.0,MA
2011-12-13,11189.0,32539.0,MA
2011-12-14,39894.0,66274.0,MA
2011-12-15,20221.0,52231.0,MA
2011-12-16,17451.0,35098.0,MA
2011-12-19,37472.0,102971.0,MA
2011-12-20,53742.0,93341.0,MA
2011-12-21,24579.0,38574.0,MA
2011-12-22,24257.0,52586.0,MA
2011-12-23,15427.0,27737.0,MA
2011-12-27,13766.0,26096.0,MA
2011-12-28,10156.0,22338.0,MA
2011-12-29,14362.0,31174.0,MA
2011-12-30,12862.0,29247.0,MA
2012-01-03,36560.0,90248.0,MA
2012-01-04,44617.0,133113.0,MA
2012-01-05,26338.0,61681.0,MA
2012-01-06,45377.0,120416.0,MA
2012-01-09,22961.0,57836.0,MA
2012-01-10,28748.0,67738.0,MA
2012-01-11,32076.0,80926.0,MA
2012-01-12,35623.0,75529.0,MA
2012-01-13,27027.0,57461.0,MA
2012-01-17,29400.0,80535.0,MA
2012-01-18,30495.0,72071.0,MA
2012-01-19,19204.0,41619.0,MA
2012-01-20,40131.0,123665.0,MA
2012-01-23,18750.0,56846.0,MA
2012-01-24,10511.0,30372.0,MA
2012-01-25,24311.0,53944.0,MA
2012-01-26,15488.0,48632.0,MA
2012-01-27,12498.0,32665.0,MA
2012-01-30,20367.0,60703.0,MA
2012-01-31,27241.0,61671.0,MA
2012-02-01,35302.0,114605.0,MA
2012-02-02,123125.0,248132.0,MA
2012-02-03,70629.0,158497.0,MA
2012-02-06,26627.0,84187.0,MA
2012-02-07,31323.0,94073.0,MA
2012-02-08,73081.0,107782.0,MA
2012-02-09,39437.0,74692.0,MA
2012-02-10,17617.0,43606.0,MA
2012-02-13,14594.0,41037.0,MA
2012-02-14,21179.0,58141.0,MA
2012-02-15,28907.0,51458.0,MA
2012-02-16,16634.0,42550.0,MA
2012-02-17,15699.0,30317.0,MA
2012-02-21,36164.0,61584.0,MA
2012-02-22,31949.0,55030.0,MA
2012-02-23,20008.0,47766.0,MA
2012-02-24,63823.0,102062.0,MA
2012-02-27,26817.0,43787.0,MA
2012-02-28,43495.0,70380.0,MA
2012-02-29,42987.0,70958.0,MA
2012-03-01,21760.0,54583.0,MA
2012-03-02,29735.0,68216.0,MA
2012-03-05,20648.0,42398.0,MA
2012-03-06,25653.0,63132.0,MA
2012-03-07,15377.0,38236.0,MA
2012-03-08,11542.0,38954.0,MA
2012-03-09,16623.0,36050.0,MA
2012-03-12,20726.0,40587.0,MA
2012-03-13,13644.0,27207.0,MA
2012-03-14,20549.0,46719.0,MA
2012-03-15,30215.0,49239.0,MA
2012-03-16,21216.0,34234.0,MA
2012-03-19,64302.0,82957.0,MA
2012-03-20,11480.0,29048.0,MA
2012-03-21,61744.0,85229.0,MA
2012-03-22,18679.0,39087.0,MA
2012-03-23,17682.0,33284.0,MA
2012-03-26,39234.0,68793.0,MA
2012-03-27,12837.0,31229.0,MA
2012-03-28,16128.0,38712.0,MA
2012-03-29,11592.0,27140.0,MA
2012-03-30,27335.0,59528.0,MA
2012-04-02,29343.0,57754.0,MA
2012-04-03,37965.0,65373.0,MA
2012-04-04,18280.0,43757.0,MA
2012-04-05,34055.0,62002.0,MA
2012-04-09,26231.0,52171.0,MA
2012-04-10,38565.0,110386.0,MA
2012-04-11,15418.0,35450.0,MA
2012-04-12,14655.0,30584.0,MA
2012-04-13,32760.0,50666.0,MA
2012-04-16,20970.0,41407.0,MA
2012-04-17,16858.0,28638.0,MA
2012-04-18,13360.0,23194.0,MA
2012-04-19,16087.0,24648.0,MA
2012-04-20,20108.0,32092.0,MA
2012-04-23,31734.0,68988.0,MA
2012-04-24,14091.0,32798.0,MA
2012-04-25,23791.0,51096.0,MA
2012-04-26,23530.0,43224.0,MA
2012-04-27,28023.0,55912.0,MA
2012-04-30,15393.0,40140.0,MA
2012-05-01,28578.0,99187.0,MA
2012-05-02,49995.0,113124.0,MA
2012-05-03,43110.0,95994.0,MA
2012-05-04,30822.0,61885.0,MA
2012-05-07,23793.0,61887.0,MA
2012-05-08,25757.0,53700.0,MA
2012-05-09,24904.0,51792.0,MA
2012-05-10,18566.0,49732.0,MA
2012-05-11,19582.0,43754.0,MA
2012-05-14,26983.0,53188.0,MA
2012-05-15,27295.0,52946.0,MA
2012-05-16,44352.0,74544.0,MA
2012-05-17,26291.0,68883.0,MA
2012-05-18,34691.0,76578.0,MA
2012-05-21,41496.0,125018.0,MA
2012-05-22,37780.0,94982.0,MA
2012-05-23,20983.0,35598.0,MA
2012-05-24,29092.0,65016.0,MA
2012-05-25,18967.0,61448.0,MA
2012-05-29,16684.0,40674.0,MA
2012-05-30,18758.0,36900.0,MA
2012-05-31,33821.0,68408.0,MA
2012-06-01,29176.0,53748.0,MA
2012-06-04,31913.0,54556.0,MA
2012-06-05,43981.0,66479.0,MA
2012-06-06,36520.0,59102.0,MA
2012-06-07,23512.0,44822.0,MA
2012-06-08,26116.0,64014.0,MA
2012-06-11,27184.0,41272.0,MA
2012-06-12,25548.0,42776.0,MA
2012-06-13,19926.0,37261.0,MA
2012-06-14,25558.0,49805.0,MA
2012-06-15,33372.0,54436.0,MA
2012-06-18,18123.0,30114.0,MA
2012-06-19,14624.0,39349.0,MA
2012-06-20,23048.0,36720.0,MA
2012-06-21,18760.0,30058.0,MA
2012-06-22,24768.0,38601.0,MA
2012-06-25,32855.0,42658.0,MA
2012-06-26,19737.0,27143.0,MA
2012-06-27,9913.0,18670.0,MA
2012-06-28,34534.0,68279.0,MA
2012-06-29,22952.0,42081.0,MA
2012-07-02,32883.0,53625.0,MA
2012-07-03,17126.0,32897.0,MA
2012-07-05,19505.0,47769.0,MA
2012-07-06,36568.0,67959.0,MA
2012-07-09,58030.0,89406.0,MA
2012-07-10,61063.0,93322.0,MA
2012-07-11,17784.0,40041.0,MA
2012-07-12,34486.0,57005.0,MA
2012-07-13,31469.0,48764.0,MA
2012-07-16,53160.0,91205.0,MA
2012-07-17,22256.0,39255.0,MA
2012-07-18,30731.0,49231.0,MA
2012-07-19,34115.0,65926.0,MA
2012-07-20,43281.0,65643.0,MA
2012-07-23,54585.0,100366.0,MA
2012-07-24,47347.0,91998.0,MA
2012-07-25,19766.0,37664.0,MA
2012-07-26,35355.0,56424.0,MA
2012-07-27,34157.0,58608.0,MA
2012-07-30,47123.0,73723.0,MA
2012-07-31,51735.0,86792.0,MA
2012-08-01,89782.0,159128.0,MA
2012-08-02,40745.0,71891.0,MA
2012-08-03,56492.0,100572.0,MA
2012-08-06,21561.0,58857.0,MA
2012-08-07,23430.0,71180.0,MA
2012-08-08,23987.0,62613.0,MA
2012-08-09,38692.0,59747.0,MA
2012-08-10,16340.0,34207.0,MA
2012-08-13,19285.0,26785.0,MA
2012-08-14,14572.0,26121.0,MA
2012-08-15,9436.0,21461.0,MA
2012-08-16,20736.0,33072.0,MA
2012-08-17,10581.0,19709.0,MA
2012-08-20,13710.0,28864.0,MA
2012-08-21,29487.0,45147.0,MA
2012-08-22,34049.0,55403.0,MA
2012-08-23,20362.0,34522.0,MA
2012-08-24,25331.0,48839.0,MA
2012-08-27,15584.0,33235.0,MA
2012-08-28,17781.0,33881.0,MA
2012-08-29,16831.0,30279.0,MA
2012-08-30,16714.0,25909.0,MA
2012-08-31,13700.0,29048.0,MA
2012-09-04,12625.0,23425.0,MA
2012-09-05,21037.0,35521.0,MA
2012-09-06,29177.0,55404.0,MA
2012-09-07,17435.0,40625.0,MA
2012-09-10,27513.0,45323.0,MA
2012-09-11,20461.0,39043.0,MA
2012-09-12,13156.0,41011.0,MA
2012-09-13,22644.0,38075.0,MA
2012-09-14,11005.0,42875.0,MA
2012-09-17,7721.0,19621.0,MA
2012-09-18,11622.0,20756.0,MA
2012-09-19,10123.0,27467.0,MA
2012-09-20,37888.0,76706.0,MA
2012-09-21,29488.0,68505.0,MA
2012-09-24,21535.0,59412.0,MA
2012-09-25,12238.0,35385.0,MA
2012-09-26,18471.0,30007.0,MA
2012-09-27,9886.0,24610.0,MA
2012-09-28,13082.0,24766.0,MA
2012-10-01,23509.0,41787.0,MA
2012-10-02,11818.0,18891.0,MA
2012-10-03,55019.0,79924.0,MA
2012-10-04,21620.0,56889.0,MA
2012-10-05,26926.0,57271.0,MA
2012-10-08,17414.0,29702.0,MA
2012-10-09,20934.0,40691.0,MA
2012-10-10,13265.0,27661.0,MA
2012-10-11,72839.0,137562.0,MA
2012-10-12,25917.0,45018.0,MA
2012-10-15,24479.0,44741.0,MA
2012-10-16,14802.0,30935.0,MA
2012-10-17,18416.0,30852.0,MA
2012-10-18,21560.0,69143.0,MA
2012-10-19,27769.0,51667.0,MA
2012-10-22,28765.0,45547.0,MA
2012-10-23,14450.0,34055.0,MA
2012-10-24,19117.0,38851.0,MA
2012-10-25,19780.0,49706.0,MA
2012-10-26,19004.0,38571.0,MA
2012-10-31,42546.0,77381.0,MA
2012-11-01,33719.0,58786.0,MA
2012-11-02,24825.0,50628.0,MA
2012-11-05,13468.0,43231.0,MA
2012-11-06,15379.0,29495.0,MA
2012-11-07,15628.0,31961.0,MA
2012-11-08,35446.0,70469.0,MA
2012-11-09,26763.0,42307.0,MA
2012-11-12,21239.0,26639.0,MA
2012-11-13,22710.0,32476.0,MA
2012-11-14,16800.0,24828.0,MA
2012-11-15,20038.0,40339.0,MA
2012-11-16,37362.0,63045.0,MA
2012-11-19,24939.0,41732.0,MA
2012-11-20,28103.0,46292.0,MA
2012-11-21,9905.0,15114.0,MA
2012-11-23,4657.0,7612.0,MA
2012-11-26,14574.0,34705.0,MA
2012-11-27,12890.0,22657.0,MA
2012-11-28,17746.0,30743.0,MA
2012-11-29,27871.0,55733.0,MA
2012-11-30,26624.0,51757.0,MA
2012-12-03,21253.0,39801.0,MA
2012-12-04,40599.0,58499.0,MA
2012-12-05,21512.0,41762.0,MA
2012-12-06,22852.0,36111.0,MA
2012-12-07,16950.0,40260.0,MA
2012-12-10,18570.0,33477.0,MA
2012-12-11,51009.0,74871.0,MA
2012-12-12,35521.0,51401.0,MA
2012-12-13,20454.0,31721.0,MA
2012-12-14,15878.0,24578.0,MA
2012-12-17,19174.0,38028.0,MA
2012-12-18,21752.0,43265.0,MA
2012-12-19,12009.0,19279.0,MA
2012-12-20,22374.0,41456.0,MA
2012-12-21,20493.0,33736.0,MA
2012-12-24,6700.0,15119.0,MA
2012-12-26,8344.0,19933.0,MA
2012-12-27,18488.0,35015.0,MA
2012-12-28,11620.0,25208.0,MA
2012-12-31,15477.0,25752.0,MA
2013-01-02,35983.0,57432.0,MA
2013-01-03,18540.0,29033.0,MA
2013-01-04,50981.0,67443.0,MA
2013-01-07,36168.0,59405.0,MA
2013-01-08,23036.0,31045.0,MA
2013-01-09,33071.0,55532.0,MA
2013-01-10,39251.0,60501.0,MA
2013-01-11,16275.0,34968.0,MA
2013-01-14,20733.0,43144.0,MA
2013-01-15,13900.0,29922.0,MA
2013-01-16,16300.0,24983.0,MA
2013-01-17,10155.0,20320.0,MA
2013-01-18,26942.0,45819.0,MA
2013-01-22,25189.0,39379.0,MA
2013-01-23,9880.0,22897.0,MA
2013-01-24,12510.0,24879.0,MA
2013-01-25,10292.0,24292.0,MA
2013-01-28,10300.0,23323.0,MA
2013-01-29,21548.0,49542.0,MA
2013-01-30,20371.0,57264.0,MA
2013-01-31,56565.0,105728.0,MA
2013-02-01,27324.0,47654.0,MA
2013-02-04,15603.0,24933.0,MA
2013-02-05,11001.0,24199.0,MA
2013-02-06,17711.0,28341.0,MA
2013-02-07,20192.0,32876.0,MA
2013-02-08,13171.0,21903.0,MA
2013-02-11,14940.0,22540.0,MA
2013-02-12,6987.0,11987.0,MA
2013-02-13,9084.0,17343.0,MA
2013-02-14,16653.0,28001.0,MA
2013-02-15,15832.0,36937.0,MA
2013-02-19,7374.0,17292.0,MA
2013-02-20,13526.0,23933.0,MA
2013-02-21,17489.0,32713.0,MA
2013-02-22,24735.0,43863.0,MA
2013-02-25,34484.0,61605.0,MA
2013-02-26,25538.0,74790.0,MA
2013-02-27,38208.0,96568.0,MA
2013-02-28,17958.0,28909.0,MA
2013-03-01,7854.0,17723.0,MA
2013-03-04,11568.0,23286.0,MA
2013-03-05,18668.0,38604.0,MA
2013-03-06,27222.0,44723.0,MA
2013-03-07,34254.0,66090.0,MA
2013-03-08,17307.0,36914.0,MA
2013-03-11,7855.0,18930.0,MA
2013-03-12,10369.0,19322.0,MA
2013-03-13,11698.0,20709.0,MA
2013-03-14,23520.0,59221.0,MA
2013-03-15,22141.0,47925.0,MA
2013-03-18,10405.0,24381.0,MA
2013-03-19,17445.0,36741.0,MA
2013-03-20,9989.0,22042.0,MA
2013-03-21,25644.0,41900.0,MA
2013-03-22,11084.0,25802.0,MA
2013-03-25,14912.0,30559.0,MA
2013-03-26,26966.0,50966.0,MA
2013-03-27,17779.0,37523.0,MA
2013-03-28,13737.0,27024.0,MA
2013-04-01,13257.0,27973.0,MA
2013-04-02,13558.0,26143.0,MA
2013-04-03,20946.0,40488.0,MA
2013-04-04,18801.0,32396.0,MA
2013-04-05,44652.0,67454.0,MA
2013-04-08,39166.0,58968.0,MA
2013-04-09,37440.0,62708.0,MA
2013-04-10,25476.0,48946.0,MA
2013-04-11,13992.0,28845.0,MA
2013-04-12,23788.0,52096.0,MA
2013-04-15,29266.0,42591.0,MA
2013-04-16,28822.0,46283.0,MA
2013-04-17,79858.0,113184.0,MA
2013-04-18,48329.0,79296.0,MA
2013-04-19,11214.0,23499.0,MA
2013-04-22,32575.0,67073.0,MA
2013-04-23,21590.0,36677.0,MA
2013-04-24,5600.0,11144.0,MA
2013-04-25,13581.0,23269.0,MA
2013-04-26,29951.0,41092.0,MA
2013-04-29,28400.0,45539.0,MA
2013-04-30,22698.0,38321.0,MA
2013-05-01,27468.0,45494.0,MA
2013-05-02,30852.0,48367.0,MA
2013-05-03,36220.0,58223.0,MA
2013-05-06,24442.0,47849.0,MA
2013-05-07,20711.0,32383.0,MA
2013-05-08,18181.0,34153.0,MA
2013-05-09,19531.0,31117.0,MA
2013-05-10,19226.0,23630.0,MA
2013-05-13,8756.0,15560.0,MA
2013-05-14,29786.0,40727.0,MA
2013-05-15,27470.0,43965.0,MA
2013-05-16,7896.0,21263.0,MA
2013-05-17,22390.0,31930.0,MA
2013-05-20,15956.0,22342.0,MA
2013-05-21,17033.0,20683.0,MA
2013-05-22,18318.0,28118.0,MA
2013-05-23,20431.0,39933.0,MA
2013-05-24,17183.0,28790.0,MA
2013-05-28,16552.0,30249.0,MA
2013-05-29,15594.0,21594.0,MA
2013-05-30,22882.0,32731.0,MA
2013-05-31,21896.0,35637.0,MA
2013-06-03,20138.0,34167.0,MA
2013-06-04,25134.0,44412.0,MA
2013-06-05,28612.0,43680.0,MA
2013-06-06,15602.0,24969.0,MA
2013-06-07,15837.0,33790.0,MA
2013-06-10,7554.0,16382.0,MA
2013-06-11,16375.0,34481.0,MA
2013-06-12,13491.0,30898.0,MA
2013-06-13,23615.0,50369.0,MA
2013-06-14,24247.0,47447.0,MA
2013-06-17,20996.0,43031.0,MA
2013-06-18,31886.0,50765.0,MA
2013-06-19,36965.0,53395.0,MA
2013-06-20,58336.0,75194.0,MA
2013-06-21,54253.0,105572.0,MA
2013-06-24,52051.0,80367.0,MA
2013-06-25,28426.0,48207.0,MA
2013-06-26,21899.0,36699.0,MA
2013-06-27,37403.0,47750.0,MA
2013-06-28,22410.0,41015.0,MA
2013-07-01,58553.0,78001.0,MA
2013-07-02,22301.0,28756.0,MA
2013-07-03,4520.0,6989.0,MA
2013-07-05,32899.0,46269.0,MA
2013-07-08,17900.0,33717.0,MA
2013-07-09,11812.0,19836.0,MA
2013-07-10,11871.0,50837.0,MA
2013-07-11,13945.0,23863.0,MA
2013-07-12,8503.0,16981.0,MA
2013-07-15,10514.0,22814.0,MA
2013-07-16,8562.0,27693.0,MA
2013-07-17,37484.0,85749.0,MA
2013-07-18,8465.0,21485.0,MA
2013-07-19,33739.0,61474.0,MA
2013-07-22,11032.0,27921.0,MA
2013-07-23,8865.0,22514.0,MA
2013-07-24,16178.0,29550.0,MA
2013-07-25,35170.0,47862.0,MA
2013-07-26,7300.0,16380.0,MA
2013-07-29,7749.0,13806.0,MA
2013-07-30,9811.0,23579.0,MA
2013-07-31,100433.0,179283.0,MA
2013-08-01,85950.0,189523.0,MA
2013-08-02,20571.0,33993.0,MA
2013-08-05,13955.0,22494.0,MA
2013-08-06,19440.0,31160.0,MA
2013-08-07,27630.0,41145.0,MA
2013-08-08,16841.0,30736.0,MA
2013-08-09,8172.0,18974.0,MA
2013-08-12,7408.0,24834.0,MA
2013-08-13,5805.0,15905.0,MA
2013-08-14,9421.0,17744.0,MA
2013-08-15,12901.0,23252.0,MA
2013-08-16,10800.0,18700.0,MA
2013-08-19,10415.0,17766.0,MA
2013-08-20,5025.0,11114.0,MA
2013-08-21,17576.0,38658.0,MA
2013-08-22,6848.0,22228.0,MA
2013-08-23,5900.0,13082.0,MA
2013-08-26,11331.0,26031.0,MA
2013-08-27,14162.0,28224.0,MA
2013-08-28,8896.0,19070.0,MA
2013-08-29,12353.0,22806.0,MA
2013-08-30,13077.0,25661.0,MA
2013-09-03,50084.0,72836.0,MA
2013-09-04,6200.0,14704.0,MA
2013-09-05,6998.0,14430.0,MA
2013-09-06,16644.0,21744.0,MA
2013-09-09,8000.0,13857.0,MA
2013-09-10,10250.0,27743.0,MA
2013-09-11,17465.0,28568.0,MA
2013-09-12,18929.0,29631.0,MA
2013-09-13,11691.0,19470.0,MA
2013-09-16,8853.0,15153.0,MA
2013-09-17,9895.0,23988.0,MA
2013-09-18,9766.0,14042.0,MA
2013-09-19,16837.0,24909.0,MA
2013-09-20,13129.0,25474.0,MA
2013-09-23,9067.0,18720.0,MA
2013-09-24,17050.0,31469.0,MA
2013-09-25,17110.0,38930.0,MA
2013-09-26,5575.0,9656.0,MA
2013-09-27,6177.0,9887.0,MA
2013-09-30,10185.0,20940.0,MA
2013-10-01,9839.0,17395.0,MA
2013-10-02,10163.0,13863.0,MA
2013-10-03,21184.0,37804.0,MA
2013-10-04,10400.0,17050.0,MA
2013-10-07,10136.0,18946.0,MA
2013-10-08,16866.0,27007.0,MA
2013-10-09,16099.0,23939.0,MA
2013-10-10,13140.0,22017.0,MA
2013-10-11,10910.0,18555.0,MA
2013-10-14,13473.0,22802.0,MA
2013-10-15,26109.0,38455.0,MA
2013-10-16,27159.0,39141.0,MA
2013-10-17,20325.0,30036.0,MA
2013-10-18,26384.0,35215.0,MA
2013-10-21,18406.0,23832.0,MA
2013-10-22,12798.0,32313.0,MA
2013-10-23,11246.0,24440.0,MA
2013-10-24,13235.0,18653.0,MA
2013-10-25,16155.0,24387.0,MA
2013-10-28,14457.0,20822.0,MA
2013-10-29,17823.0,26373.0,MA
2013-10-30,15554.0,32379.0,MA
2013-10-31,27407.0,51218.0,MA
2013-11-01,36793.0,62044.0,MA
2013-11-04,13669.0,31423.0,MA
2013-11-05,27582.0,45932.0,MA
2013-11-06,21111.0,41843.0,MA
2013-11-07,18579.0,32261.0,MA
2013-11-08,27632.0,35807.0,MA
2013-11-11,18207.0,28316.0,MA
2013-11-12,22265.0,36329.0,MA
2013-11-13,13477.0,36657.0,MA
2013-11-14,17036.0,21036.0,MA
2013-11-15,17984.0,27989.0,MA
2013-11-18,27686.0,47012.0,MA
2013-11-19,12603.0,23699.0,MA
2013-11-20,12197.0,18897.0,MA
2013-11-21,14385.0,23485.0,MA
2013-11-22,14778.0,26483.0,MA
2013-11-25,9105.0,31964.0,MA
2013-11-26,16988.0,24488.0,MA
2013-11-27,9193.0,20785.0,MA
2013-11-29,9977.0,13785.0,MA
2013-12-02,12562.0,24079.0,MA
2013-12-03,12701.0,19572.0,MA
2013-12-04,14733.0,22003.0,MA
2013-12-05,15408.0,20290.0,MA
2013-12-06,11826.0,19553.0,MA
2013-12-09,12143.0,20377.0,MA
2013-12-10,16835.0,23302.0,MA
2013-12-11,40737.0,98692.0,MA
2013-12-12,21122.0,44634.0,MA
2013-12-13,20331.0,32437.0,MA
2013-12-16,11320.0,20448.0,MA
2013-12-17,18110.0,29946.0,MA
2013-12-18,22323.0,39181.0,MA
2013-12-19,9291.0,28015.0,MA
2013-12-20,15244.0,33641.0,MA
2013-12-23,9266.0,31806.0,MA
2013-12-24,11116.0,23563.0,MA
2013-12-26,9074.0,26418.0,MA
2013-12-27,8800.0,18854.0,MA
2013-12-30,13490.0,20790.0,MA
2013-12-31,8958.0,21058.0,MA
2014-01-02,13737.0,28537.0,MA
2014-01-03,9905.0,26592.0,MA
2014-01-06,18702.0,29524.0,MA
2014-01-07,8147.0,19390.0,MA
2014-01-08,9933.0,33293.0,MA
2014-01-09,13520.0,26224.0,MA
2014-01-10,17233.0,37085.0,MA
2014-01-13,26878.0,57912.0,MA
2014-01-14,14101.0,36338.0,MA
2014-01-15,9184.0,25564.0,MA
2014-01-16,5755.0,13930.0,MA
2014-01-17,20858.0,46141.0,MA
2014-01-21,12299.0,30836.0,MA
2014-01-22,72881.0,157287.0,MA
2014-01-23,62070.0,172184.0,MA
2014-01-24,79886.0,315669.0,MA
2014-01-27,93693.0,742650.0,MA
2014-01-28,66459.0,335536.0,MA
2014-01-29,78393.0,246316.0,MA
2014-01-30,75759.0,335771.0,MA
2014-01-31,342937.0,952456.0,MA
2014-02-03,123897.0,330534.0,MA
2014-02-04,148317.0,374159.0,MA
2014-02-05,104885.0,303004.0,MA
2014-02-06,96128.0,233607.0,MA
2014-02-07,146442.0,324143.0,MA
2014-02-10,76058.0,189349.0,MA
2014-02-11,42555.0,179996.0,MA
2014-02-12,73844.0,229370.0,MA
2014-02-13,78729.0,200339.0,MA
2014-02-14,76766.0,164360.0,MA
2014-02-18,192217.0,364034.0,MA
2014-02-19,160029.0,294851.0,MA
2014-02-20,191555.0,456119.0,MA
2014-02-21,167054.0,335490.0,MA
2014-02-24,132023.0,365202.0,MA
2014-02-25,152233.0,309323.0,MA
2014-02-26,182127.0,389077.0,MA
2014-02-27,161291.0,277500.0,MA
2014-02-28,170199.0,272097.0,MA
2014-03-03,194385.0,353655.0,MA
2014-03-04,134836.0,252879.0,MA
2014-03-05,85706.0,196665.0,MA
2014-03-06,123922.0,235454.0,MA
2014-03-07,77748.0,179287.0,MA
2014-03-10,71844.0,205794.0,MA
2014-03-11,116691.0,248215.0,MA
2014-03-12,102681.0,278700.0,MA
2014-03-13,187548.0,354999.0,MA
2014-03-14,116632.0,237040.0,MA
2014-03-17,105659.0,214679.0,MA
2014-03-18,150007.0,241236.0,MA
2014-03-19,200445.0,301632.0,MA
2014-03-20,163848.0,248453.0,MA
2014-03-21,254594.0,520729.0,MA
2014-03-24,242397.0,427610.0,MA
2014-03-25,160849.0,311155.0,MA
2014-03-26,147754.0,387978.0,MA
2014-03-27,120506.0,349357.0,MA
2014-03-28,98142.0,211991.0,MA
2014-03-31,119862.0,263633.0,MA
2014-04-01,102413.0,206405.0,MA
2014-04-02,112329.0,212966.0,MA
2014-04-03,81566.0,203766.0,MA
2014-04-04,176276.0,347409.0,MA
2014-04-07,215179.0,493555.0,MA
2014-04-08,134759.0,273304.0,MA
2014-04-09,164370.0,312400.0,MA
2014-04-10,229186.0,613295.0,MA
2014-04-11,239388.0,486797.0,MA
2014-04-14,260373.0,573396.0,MA
2014-04-15,209936.0,391934.0,MA
2014-04-16,240546.0,462729.0,MA
2014-04-17,152842.0,266474.0,MA
2014-04-21,139414.0,254598.0,MA
2014-04-22,92882.0,178495.0,MA
2014-04-23,106673.0,217021.0,MA
2014-04-24,140910.0,279931.0,MA
2014-04-25,197591.0,420383.0,MA
2014-04-28,155072.0,364536.0,MA
2014-04-29,201498.0,369352.0,MA
2014-04-30,181841.0,341276.0,MA
2014-05-01,187160.0,363547.0,MA
2014-05-02,177788.0,295603.0,MA
2014-05-05,137821.0,266465.0,MA
2014-05-06,70085.0,144322.0,MA
2014-05-07,130811.0,234242.0,MA
2014-05-08,84531.0,173725.0,MA
2014-05-09,60919.0,121571.0,MA
2014-05-12,60607.0,124113.0,MA
2014-05-13,92983.0,161299.0,MA
2014-05-14,43864.0,82257.0,MA
2014-05-15,82037.0,177342.0,MA
2014-05-16,71426.0,134041.0,MA
2014-05-19,78349.0,144564.0,MA
2014-05-20,82274.0,153525.0,MA
2014-05-21,115383.0,234021.0,MA
2014-05-22,77972.0,162582.0,MA
2014-05-23,66986.0,121797.0,MA
2014-05-27,82839.0,161681.0,MA
2014-05-28,49369.0,107011.0,MA
2014-05-29,42324.0,70419.0,MA
2014-05-30,86224.0,186878.0,MA
2014-06-02,57848.0,112963.0,MA
2014-06-03,22082.0,95084.0,MA
2014-06-04,40798.0,76432.0,MA
2014-06-05,33333.0,99949.0,MA
2014-06-06,49591.0,112043.0,MA
2014-06-09,49644.0,131106.0,MA
2014-06-10,78591.0,232706.0,MA
2014-06-11,67393.0,150783.0,MA
2014-06-12,113086.0,160762.0,MA
2014-06-13,94814.0,157476.0,MA
2014-06-16,162269.0,307219.0,MA
2014-06-17,104108.0,178937.0,MA
2014-06-18,134593.0,222343.0,MA
2014-06-19,170420.0,283832.0,MA
2014-06-20,128934.0,303719.0,MA
2014-06-23,127766.0,240841.0,MA
2014-06-24,121383.0,315030.0,MA
2014-06-25,82736.0,200575.0,MA
2014-06-26,92249.0,217262.0,MA
2014-06-27,133776.0,263364.0,MA
2014-06-30,70191.0,144547.0,MA
2014-07-01,94310.0,227313.0,MA
2014-07-02,44301.0,167225.0,MA
2014-07-03,36684.0,101567.0,MA
2014-07-07,35753.0,96385.0,MA
2014-07-08,46206.0,152588.0,MA
2014-07-09,43354.0,140965.0,MA
2014-07-10,53915.0,180790.0,MA
2014-07-11,68374.0,177953.0,MA
2014-07-14,148793.0,318253.0,MA
2014-07-15,244416.0,466518.0,MA
2014-07-16,144195.0,256029.0,MA
2014-07-17,122179.0,225261.0,MA
2014-07-18,110747.0,189456.0,MA
2014-07-21,109455.0,170017.0,MA
2014-07-22,111946.0,184177.0,MA
2014-07-23,137361.0,170788.0,MA
2014-07-24,100544.0,221394.0,MA
2014-07-25,211287.0,348712.0,MA
2014-07-28,105273.0,281121.0,MA
2014-07-29,125604.0,275533.0,MA
2014-07-30,150233.0,319099.0,MA
2014-07-31,165230.0,333439.0,MA
2014-08-01,187359.0,366748.0,MA
2014-08-04,111059.0,224139.0,MA
2014-08-05,157181.0,233892.0,MA
2014-08-06,75409.0,172325.0,MA
2014-08-07,125803.0,226845.0,MA
2014-08-08,129636.0,259946.0,MA
2014-08-11,109575.0,202575.0,MA
2014-08-12,93957.0,147174.0,MA
2014-08-13,123175.0,222974.0,MA
2014-08-14,73665.0,151413.0,MA
2014-08-15,89551.0,166765.0,MA
2014-08-18,79419.0,156802.0,MA
2014-08-19,93139.0,147152.0,MA
2014-08-20,47490.0,108367.0,MA
2014-08-21,72317.0,127182.0,MA
2014-08-22,63940.0,114010.0,MA
2014-08-25,52396.0,123982.0,MA
2014-08-26,54935.0,175746.0,MA
2014-08-27,43429.0,90867.0,MA
2014-08-28,83731.0,142650.0,MA
2014-08-29,99930.0,174935.0,MA
2014-09-02,69935.0,146621.0,MA
2014-09-03,44842.0,112103.0,MA
2014-09-04,36617.0,104504.0,MA
2014-09-05,48372.0,125404.0,MA
2014-09-08,106895.0,237322.0,MA
2014-09-09,133641.0,205403.0,MA
2014-09-10,89040.0,229577.0,MA
2014-09-11,101176.0,221465.0,MA
2014-09-12,98442.0,227226.0,MA
2014-09-15,93756.0,172658.0,MA
2014-09-16,163131.0,324379.0,MA
2014-09-17,165369.0,311356.0,MA
2014-09-18,105753.0,179810.0,MA
2014-09-19,90064.0,183955.0,MA
2014-09-22,103270.0,232645.0,MA
2014-09-23,75904.0,195855.0,MA
2014-09-24,79424.0,182840.0,MA
2014-09-25,107556.0,191714.0,MA
2014-09-26,91457.0,203906.0,MA
2014-09-29,94451.0,191665.0,MA
2014-09-30,117738.0,314675.0,MA
2014-10-01,158321.0,413983.0,MA
2014-10-02,104605.0,261450.0,MA
2014-10-03,148405.0,410976.0,MA
2014-10-06,203074.0,356135.0,MA
2014-10-07,221991.0,454384.0,MA
2014-10-08,147022.0,278591.0,MA
2014-10-09,244036.0,472336.0,MA
2014-10-10,224866.0,483628.0,MA
2014-10-13,235923.0,444779.0,MA
2014-10-14,386233.0,704190.0,MA
2014-10-15,697928.0,1002944.0,MA
2014-10-16,597801.0,976158.0,MA
2014-10-17,227083.0,392834.0,MA
2014-10-20,169062.0,273682.0,MA
2014-10-21,203792.0,408777.0,MA
2014-10-22,151722.0,258546.0,MA
2014-10-23,94435.0,280276.0,MA
2014-10-24,137945.0,320141.0,MA
2014-10-27,86923.0,223349.0,MA
2014-10-28,153283.0,393873.0,MA
2014-10-29,284871.0,494674.0,MA
2014-10-30,362603.0,755860.0,MA
2014-10-31,291810.0,578165.0,MA
2014-11-03,137515.0,363247.0,MA
2014-11-04,133521.0,265319.0,MA
2014-11-05,203878.0,415378.0,MA
2014-11-06,149194.0,371108.0,MA
2014-11-07,94762.0,239951.0,MA
2014-11-10,124835.0,280248.0,MA
2014-11-11,60711.0,169362.0,MA
2014-11-12,55731.0,187192.0,MA
2014-11-13,68543.0,134937.0,MA
2014-11-14,47423.0,103325.0,MA
2014-11-17,65272.0,189384.0,MA
2014-11-18,86456.0,224523.0,MA
2014-11-19,89404.0,173535.0,MA
2014-11-20,127240.0,228898.0,MA
2014-11-21,168676.0,340585.0,MA
2014-11-24,99062.0,279151.0,MA
2014-11-25,148037.0,305043.0,MA
2014-11-26,99492.0,227239.0,MA
2014-11-28,84626.0,228843.0,MA
2014-12-01,154604.0,379523.0,MA
2014-12-02,191763.0,327969.0,MA
2014-12-03,183684.0,325695.0,MA
2014-12-04,100526.0,217608.0,MA
2014-12-05,141289.0,263451.0,MA
2014-12-08,232148.0,499941.0,MA
2014-12-09,103171.0,317533.0,MA
2014-12-10,113475.0,261364.0,MA
2014-12-11,151453.0,413915.0,MA
2014-12-12,223401.0,567270.0,MA
2014-12-15,164700.0,378492.0,MA
2014-12-16,276762.0,715834.0,MA
2014-12-17,166598.0,493757.0,MA
2014-12-18,118105.0,517568.0,MA
2014-12-19,185560.0,380168.0,MA
2014-12-22,93900.0,249324.0,MA
2014-12-23,99232.0,216360.0,MA
2014-12-24,45801.0,82614.0,MA
2014-12-26,41460.0,110292.0,MA
2014-12-29,81789.0,150938.0,MA
2014-12-30,90053.0,191419.0,MA
2014-12-31,100172.0,165087.0,MA
